{
  "Version": 1,
  "ManifestType": "Publish",
  "Endpoints": [
    {
      "Route": "charging-piles.9j3wic7z2m.html",
      "AssetFile": "charging-piles.html",
      "Selectors": [],
      "ResponseHeaders": [
        {
          "Name": "Accept-Ranges",
          "Value": "bytes"
        },
        {
          "Name": "Cache-Control",
          "Value": "max-age=31536000, immutable"
        },
        {
          "Name": "Content-Length",
          "Value": "32892"
        },
        {
          "Name": "Content-Type",
          "Value": "text/html"
        },
        {
          "Name": "ETag",
          "Value": "\"G/TVZVxoza+OG9+57y0ZxouAfOUKLMAHVzSDcVTucE8=\""
        },
        {
          "Name": "Last-Modified",
          "Value": "Mon, 07 Apr 2025 08:54:02 GMT"
        }
      ],
      "EndpointProperties": [
        {
          "Name": "fingerprint",
          "Value": "9j3wic7z2m"
        },
        {
          "Name": "integrity",
          "Value": "sha256-G/TVZVxoza+OG9+57y0ZxouAfOUKLMAHVzSDcVTucE8="
        },
        {
          "Name": "label",
          "Value": "charging-piles.html"
        }
      ]
    },
    {
      "Route": "charging-piles.html",
      "AssetFile": "charging-piles.html",
      "Selectors": [],
      "ResponseHeaders": [
        {
          "Name": "Accept-Ranges",
          "Value": "bytes"
        },
        {
          "Name": "Cache-Control",
          "Value": "no-cache"
        },
        {
          "Name": "Content-Length",
          "Value": "32892"
        },
        {
          "Name": "Content-Type",
          "Value": "text/html"
        },
        {
          "Name": "ETag",
          "Value": "\"G/TVZVxoza+OG9+57y0ZxouAfOUKLMAHVzSDcVTucE8=\""
        },
        {
          "Name": "Last-Modified",
          "Value": "Mon, 07 Apr 2025 08:54:02 GMT"
        }
      ],
      "EndpointProperties": [
        {
          "Name": "integrity",
          "Value": "sha256-G/TVZVxoza+OG9+57y0ZxouAfOUKLMAHVzSDcVTucE8="
        }
      ]
    },
    {
      "Route": "charging-stations.html",
      "AssetFile": "charging-stations.html",
      "Selectors": [],
      "ResponseHeaders": [
        {
          "Name": "Accept-Ranges",
          "Value": "bytes"
        },
        {
          "Name": "Cache-Control",
          "Value": "no-cache"
        },
        {
          "Name": "Content-Length",
          "Value": "19761"
        },
        {
          "Name": "Content-Type",
          "Value": "text/html"
        },
        {
          "Name": "ETag",
          "Value": "\"Y/7U8BMentxh3rF7d8GWZWk1PnIqAc7keltbuL0bK/U=\""
        },
        {
          "Name": "Last-Modified",
          "Value": "Tue, 08 Apr 2025 04:56:37 GMT"
        }
      ],
      "EndpointProperties": [
        {
          "Name": "integrity",
          "Value": "sha256-Y/7U8BMentxh3rF7d8GWZWk1PnIqAc7keltbuL0bK/U="
        }
      ]
    },
    {
      "Route": "charging-stations.rels34vpqu.html",
      "AssetFile": "charging-stations.html",
      "Selectors": [],
      "ResponseHeaders": [
        {
          "Name": "Accept-Ranges",
          "Value": "bytes"
        },
        {
          "Name": "Cache-Control",
          "Value": "max-age=31536000, immutable"
        },
        {
          "Name": "Content-Length",
          "Value": "19761"
        },
        {
          "Name": "Content-Type",
          "Value": "text/html"
        },
        {
          "Name": "ETag",
          "Value": "\"Y/7U8BMentxh3rF7d8GWZWk1PnIqAc7keltbuL0bK/U=\""
        },
        {
          "Name": "Last-Modified",
          "Value": "Tue, 08 Apr 2025 04:56:37 GMT"
        }
      ],
      "EndpointProperties": [
        {
          "Name": "fingerprint",
          "Value": "rels34vpqu"
        },
        {
          "Name": "integrity",
          "Value": "sha256-Y/7U8BMentxh3rF7d8GWZWk1PnIqAc7keltbuL0bK/U="
        },
        {
          "Name": "label",
          "Value": "charging-stations.html"
        }
      ]
    },
    {
      "Route": "components/footer.696vxdt3wh.html",
      "AssetFile": "components/footer.html",
      "Selectors": [],
      "ResponseHeaders": [
        {
          "Name": "Accept-Ranges",
          "Value": "bytes"
        },
        {
          "Name": "Cache-Control",
          "Value": "max-age=31536000, immutable"
        },
        {
          "Name": "Content-Length",
          "Value": "203"
        },
        {
          "Name": "Content-Type",
          "Value": "text/html"
        },
        {
          "Name": "ETag",
          "Value": "\"ataxYRDCOnN/7bxwfnkr1gzLlBC+Hgo1csNkUD66K5E=\""
        },
        {
          "Name": "Last-Modified",
          "Value": "Mon, 07 Apr 2025 08:17:29 GMT"
        }
      ],
      "EndpointProperties": [
        {
          "Name": "fingerprint",
          "Value": "696vxdt3wh"
        },
        {
          "Name": "integrity",
          "Value": "sha256-ataxYRDCOnN/7bxwfnkr1gzLlBC+Hgo1csNkUD66K5E="
        },
        {
          "Name": "label",
          "Value": "components/footer.html"
        }
      ]
    },
    {
      "Route": "components/footer.html",
      "AssetFile": "components/footer.html",
      "Selectors": [],
      "ResponseHeaders": [
        {
          "Name": "Accept-Ranges",
          "Value": "bytes"
        },
        {
          "Name": "Cache-Control",
          "Value": "no-cache"
        },
        {
          "Name": "Content-Length",
          "Value": "203"
        },
        {
          "Name": "Content-Type",
          "Value": "text/html"
        },
        {
          "Name": "ETag",
          "Value": "\"ataxYRDCOnN/7bxwfnkr1gzLlBC+Hgo1csNkUD66K5E=\""
        },
        {
          "Name": "Last-Modified",
          "Value": "Mon, 07 Apr 2025 08:17:29 GMT"
        }
      ],
      "EndpointProperties": [
        {
          "Name": "integrity",
          "Value": "sha256-ataxYRDCOnN/7bxwfnkr1gzLlBC+Hgo1csNkUD66K5E="
        }
      ]
    },
    {
      "Route": "components/header.flhdnenmwt.html",
      "AssetFile": "components/header.html",
      "Selectors": [],
      "ResponseHeaders": [
        {
          "Name": "Accept-Ranges",
          "Value": "bytes"
        },
        {
          "Name": "Cache-Control",
          "Value": "max-age=31536000, immutable"
        },
        {
          "Name": "Content-Length",
          "Value": "2189"
        },
        {
          "Name": "Content-Type",
          "Value": "text/html"
        },
        {
          "Name": "ETag",
          "Value": "\"rQbMEHRA9fv8fqi5NjAeMclqNIwtKFrtU1qcvGIFJNM=\""
        },
        {
          "Name": "Last-Modified",
          "Value": "Tue, 08 Apr 2025 04:56:37 GMT"
        }
      ],
      "EndpointProperties": [
        {
          "Name": "fingerprint",
          "Value": "flhdnenmwt"
        },
        {
          "Name": "integrity",
          "Value": "sha256-rQbMEHRA9fv8fqi5NjAeMclqNIwtKFrtU1qcvGIFJNM="
        },
        {
          "Name": "label",
          "Value": "components/header.html"
        }
      ]
    },
    {
      "Route": "components/header.html",
      "AssetFile": "components/header.html",
      "Selectors": [],
      "ResponseHeaders": [
        {
          "Name": "Accept-Ranges",
          "Value": "bytes"
        },
        {
          "Name": "Cache-Control",
          "Value": "no-cache"
        },
        {
          "Name": "Content-Length",
          "Value": "2189"
        },
        {
          "Name": "Content-Type",
          "Value": "text/html"
        },
        {
          "Name": "ETag",
          "Value": "\"rQbMEHRA9fv8fqi5NjAeMclqNIwtKFrtU1qcvGIFJNM=\""
        },
        {
          "Name": "Last-Modified",
          "Value": "Tue, 08 Apr 2025 04:56:37 GMT"
        }
      ],
      "EndpointProperties": [
        {
          "Name": "integrity",
          "Value": "sha256-rQbMEHRA9fv8fqi5NjAeMclqNIwtKFrtU1qcvGIFJNM="
        }
      ]
    },
    {
      "Route": "components/sidebar.dq3lp1n7ik.html",
      "AssetFile": "components/sidebar.html",
      "Selectors": [],
      "ResponseHeaders": [
        {
          "Name": "Accept-Ranges",
          "Value": "bytes"
        },
        {
          "Name": "Cache-Control",
          "Value": "max-age=31536000, immutable"
        },
        {
          "Name": "Content-Length",
          "Value": "1574"
        },
        {
          "Name": "Content-Type",
          "Value": "text/html"
        },
        {
          "Name": "ETag",
          "Value": "\"22zVRUBCHKHImmVF4RD9Bcg5XMLQbRynFrNR+a8N280=\""
        },
        {
          "Name": "Last-Modified",
          "Value": "Tue, 08 Apr 2025 03:06:19 GMT"
        }
      ],
      "EndpointProperties": [
        {
          "Name": "fingerprint",
          "Value": "dq3lp1n7ik"
        },
        {
          "Name": "integrity",
          "Value": "sha256-22zVRUBCHKHImmVF4RD9Bcg5XMLQbRynFrNR+a8N280="
        },
        {
          "Name": "label",
          "Value": "components/sidebar.html"
        }
      ]
    },
    {
      "Route": "components/sidebar.html",
      "AssetFile": "components/sidebar.html",
      "Selectors": [],
      "ResponseHeaders": [
        {
          "Name": "Accept-Ranges",
          "Value": "bytes"
        },
        {
          "Name": "Cache-Control",
          "Value": "no-cache"
        },
        {
          "Name": "Content-Length",
          "Value": "1574"
        },
        {
          "Name": "Content-Type",
          "Value": "text/html"
        },
        {
          "Name": "ETag",
          "Value": "\"22zVRUBCHKHImmVF4RD9Bcg5XMLQbRynFrNR+a8N280=\""
        },
        {
          "Name": "Last-Modified",
          "Value": "Tue, 08 Apr 2025 03:06:19 GMT"
        }
      ],
      "EndpointProperties": [
        {
          "Name": "integrity",
          "Value": "sha256-22zVRUBCHKHImmVF4RD9Bcg5XMLQbRynFrNR+a8N280="
        }
      ]
    },
    {
      "Route": "components/template.html",
      "AssetFile": "components/template.html",
      "Selectors": [],
      "ResponseHeaders": [
        {
          "Name": "Accept-Ranges",
          "Value": "bytes"
        },
        {
          "Name": "Cache-Control",
          "Value": "no-cache"
        },
        {
          "Name": "Content-Length",
          "Value": "1650"
        },
        {
          "Name": "Content-Type",
          "Value": "text/html"
        },
        {
          "Name": "ETag",
          "Value": "\"CJQZ75O0GCMgZBx4EyxSg4tpSPwgeMdHLWjb+0Hvv/8=\""
        },
        {
          "Name": "Last-Modified",
          "Value": "Mon, 07 Apr 2025 08:18:08 GMT"
        }
      ],
      "EndpointProperties": [
        {
          "Name": "integrity",
          "Value": "sha256-CJQZ75O0GCMgZBx4EyxSg4tpSPwgeMdHLWjb+0Hvv/8="
        }
      ]
    },
    {
      "Route": "components/template.sz0opg8w56.html",
      "AssetFile": "components/template.html",
      "Selectors": [],
      "ResponseHeaders": [
        {
          "Name": "Accept-Ranges",
          "Value": "bytes"
        },
        {
          "Name": "Cache-Control",
          "Value": "max-age=31536000, immutable"
        },
        {
          "Name": "Content-Length",
          "Value": "1650"
        },
        {
          "Name": "Content-Type",
          "Value": "text/html"
        },
        {
          "Name": "ETag",
          "Value": "\"CJQZ75O0GCMgZBx4EyxSg4tpSPwgeMdHLWjb+0Hvv/8=\""
        },
        {
          "Name": "Last-Modified",
          "Value": "Mon, 07 Apr 2025 08:18:08 GMT"
        }
      ],
      "EndpointProperties": [
        {
          "Name": "fingerprint",
          "Value": "sz0opg8w56"
        },
        {
          "Name": "integrity",
          "Value": "sha256-CJQZ75O0GCMgZBx4EyxSg4tpSPwgeMdHLWjb+0Hvv/8="
        },
        {
          "Name": "label",
          "Value": "components/template.html"
        }
      ]
    },
    {
      "Route": "css/particles.c6gqe5gdmw.css",
      "AssetFile": "css/particles.css",
      "Selectors": [],
      "ResponseHeaders": [
        {
          "Name": "Accept-Ranges",
          "Value": "bytes"
        },
        {
          "Name": "Cache-Control",
          "Value": "max-age=31536000, immutable"
        },
        {
          "Name": "Content-Length",
          "Value": "150"
        },
        {
          "Name": "Content-Type",
          "Value": "text/css"
        },
        {
          "Name": "ETag",
          "Value": "\"nOmA40RHs0nJEUX8eCh1bbTf30R6vK1ZDQhH0Sd4uHk=\""
        },
        {
          "Name": "Last-Modified",
          "Value": "Tue, 08 Apr 2025 03:22:33 GMT"
        }
      ],
      "EndpointProperties": [
        {
          "Name": "fingerprint",
          "Value": "c6gqe5gdmw"
        },
        {
          "Name": "integrity",
          "Value": "sha256-nOmA40RHs0nJEUX8eCh1bbTf30R6vK1ZDQhH0Sd4uHk="
        },
        {
          "Name": "label",
          "Value": "css/particles.css"
        }
      ]
    },
    {
      "Route": "css/particles.css",
      "AssetFile": "css/particles.css",
      "Selectors": [],
      "ResponseHeaders": [
        {
          "Name": "Accept-Ranges",
          "Value": "bytes"
        },
        {
          "Name": "Cache-Control",
          "Value": "no-cache"
        },
        {
          "Name": "Content-Length",
          "Value": "150"
        },
        {
          "Name": "Content-Type",
          "Value": "text/css"
        },
        {
          "Name": "ETag",
          "Value": "\"nOmA40RHs0nJEUX8eCh1bbTf30R6vK1ZDQhH0Sd4uHk=\""
        },
        {
          "Name": "Last-Modified",
          "Value": "Tue, 08 Apr 2025 03:22:33 GMT"
        }
      ],
      "EndpointProperties": [
        {
          "Name": "integrity",
          "Value": "sha256-nOmA40RHs0nJEUX8eCh1bbTf30R6vK1ZDQhH0Sd4uHk="
        }
      ]
    },
    {
      "Route": "css/sidebar.8md6v739lj.css",
      "AssetFile": "css/sidebar.css",
      "Selectors": [],
      "ResponseHeaders": [
        {
          "Name": "Accept-Ranges",
          "Value": "bytes"
        },
        {
          "Name": "Cache-Control",
          "Value": "max-age=31536000, immutable"
        },
        {
          "Name": "Content-Length",
          "Value": "1416"
        },
        {
          "Name": "Content-Type",
          "Value": "text/css"
        },
        {
          "Name": "ETag",
          "Value": "\"cPVXugCrT2ABZhdugcAV2rvZTHIXJFNZBvSwLnvDIeE=\""
        },
        {
          "Name": "Last-Modified",
          "Value": "Mon, 07 Apr 2025 08:46:09 GMT"
        }
      ],
      "EndpointProperties": [
        {
          "Name": "fingerprint",
          "Value": "8md6v739lj"
        },
        {
          "Name": "integrity",
          "Value": "sha256-cPVXugCrT2ABZhdugcAV2rvZTHIXJFNZBvSwLnvDIeE="
        },
        {
          "Name": "label",
          "Value": "css/sidebar.css"
        }
      ]
    },
    {
      "Route": "css/sidebar.css",
      "AssetFile": "css/sidebar.css",
      "Selectors": [],
      "ResponseHeaders": [
        {
          "Name": "Accept-Ranges",
          "Value": "bytes"
        },
        {
          "Name": "Cache-Control",
          "Value": "no-cache"
        },
        {
          "Name": "Content-Length",
          "Value": "1416"
        },
        {
          "Name": "Content-Type",
          "Value": "text/css"
        },
        {
          "Name": "ETag",
          "Value": "\"cPVXugCrT2ABZhdugcAV2rvZTHIXJFNZBvSwLnvDIeE=\""
        },
        {
          "Name": "Last-Modified",
          "Value": "Mon, 07 Apr 2025 08:46:09 GMT"
        }
      ],
      "EndpointProperties": [
        {
          "Name": "integrity",
          "Value": "sha256-cPVXugCrT2ABZhdugcAV2rvZTHIXJFNZBvSwLnvDIeE="
        }
      ]
    },
    {
      "Route": "css/style.css",
      "AssetFile": "css/style.css",
      "Selectors": [],
      "ResponseHeaders": [
        {
          "Name": "Accept-Ranges",
          "Value": "bytes"
        },
        {
          "Name": "Cache-Control",
          "Value": "no-cache"
        },
        {
          "Name": "Content-Length",
          "Value": "4146"
        },
        {
          "Name": "Content-Type",
          "Value": "text/css"
        },
        {
          "Name": "ETag",
          "Value": "\"t1PvecYlGR+KVqRPSSowK47g8zIL869R1TUx5z5B2DU=\""
        },
        {
          "Name": "Last-Modified",
          "Value": "Tue, 08 Apr 2025 04:56:37 GMT"
        }
      ],
      "EndpointProperties": [
        {
          "Name": "integrity",
          "Value": "sha256-t1PvecYlGR+KVqRPSSowK47g8zIL869R1TUx5z5B2DU="
        }
      ]
    },
    {
      "Route": "css/style.hew5lxmjx2.css",
      "AssetFile": "css/style.css",
      "Selectors": [],
      "ResponseHeaders": [
        {
          "Name": "Accept-Ranges",
          "Value": "bytes"
        },
        {
          "Name": "Cache-Control",
          "Value": "max-age=31536000, immutable"
        },
        {
          "Name": "Content-Length",
          "Value": "4146"
        },
        {
          "Name": "Content-Type",
          "Value": "text/css"
        },
        {
          "Name": "ETag",
          "Value": "\"t1PvecYlGR+KVqRPSSowK47g8zIL869R1TUx5z5B2DU=\""
        },
        {
          "Name": "Last-Modified",
          "Value": "Tue, 08 Apr 2025 04:56:37 GMT"
        }
      ],
      "EndpointProperties": [
        {
          "Name": "fingerprint",
          "Value": "hew5lxmjx2"
        },
        {
          "Name": "integrity",
          "Value": "sha256-t1PvecYlGR+KVqRPSSowK47g8zIL869R1TUx5z5B2DU="
        },
        {
          "Name": "label",
          "Value": "css/style.css"
        }
      ]
    },
    {
      "Route": "index.5pv7dz18dh.html",
      "AssetFile": "index.html",
      "Selectors": [],
      "ResponseHeaders": [
        {
          "Name": "Accept-Ranges",
          "Value": "bytes"
        },
        {
          "Name": "Cache-Control",
          "Value": "max-age=31536000, immutable"
        },
        {
          "Name": "Content-Length",
          "Value": "9553"
        },
        {
          "Name": "Content-Type",
          "Value": "text/html"
        },
        {
          "Name": "ETag",
          "Value": "\"OUWJQ4wyfNtm38udFU3qnDWbi9HLZmdE8sm9eRlM6zI=\""
        },
        {
          "Name": "Last-Modified",
          "Value": "Tue, 08 Apr 2025 04:56:37 GMT"
        }
      ],
      "EndpointProperties": [
        {
          "Name": "fingerprint",
          "Value": "5pv7dz18dh"
        },
        {
          "Name": "integrity",
          "Value": "sha256-OUWJQ4wyfNtm38udFU3qnDWbi9HLZmdE8sm9eRlM6zI="
        },
        {
          "Name": "label",
          "Value": "index.html"
        }
      ]
    },
    {
      "Route": "index.html",
      "AssetFile": "index.html",
      "Selectors": [],
      "ResponseHeaders": [
        {
          "Name": "Accept-Ranges",
          "Value": "bytes"
        },
        {
          "Name": "Cache-Control",
          "Value": "no-cache"
        },
        {
          "Name": "Content-Length",
          "Value": "9553"
        },
        {
          "Name": "Content-Type",
          "Value": "text/html"
        },
        {
          "Name": "ETag",
          "Value": "\"OUWJQ4wyfNtm38udFU3qnDWbi9HLZmdE8sm9eRlM6zI=\""
        },
        {
          "Name": "Last-Modified",
          "Value": "Tue, 08 Apr 2025 04:56:37 GMT"
        }
      ],
      "EndpointProperties": [
        {
          "Name": "integrity",
          "Value": "sha256-OUWJQ4wyfNtm38udFU3qnDWbi9HLZmdE8sm9eRlM6zI="
        }
      ]
    },
    {
      "Route": "js/auth.js",
      "AssetFile": "js/auth.js",
      "Selectors": [],
      "ResponseHeaders": [
        {
          "Name": "Accept-Ranges",
          "Value": "bytes"
        },
        {
          "Name": "Cache-Control",
          "Value": "no-cache"
        },
        {
          "Name": "Content-Length",
          "Value": "4779"
        },
        {
          "Name": "Content-Type",
          "Value": "text/javascript"
        },
        {
          "Name": "ETag",
          "Value": "\"mQmksmxD9Ct+JoB/LV+dLhO302k0Xx+qUeBZPRUOpLY=\""
        },
        {
          "Name": "Last-Modified",
          "Value": "Tue, 08 Apr 2025 03:12:40 GMT"
        }
      ],
      "EndpointProperties": [
        {
          "Name": "integrity",
          "Value": "sha256-mQmksmxD9Ct+JoB/LV+dLhO302k0Xx+qUeBZPRUOpLY="
        }
      ]
    },
    {
      "Route": "js/auth.xqtk2pv8fd.js",
      "AssetFile": "js/auth.js",
      "Selectors": [],
      "ResponseHeaders": [
        {
          "Name": "Accept-Ranges",
          "Value": "bytes"
        },
        {
          "Name": "Cache-Control",
          "Value": "max-age=31536000, immutable"
        },
        {
          "Name": "Content-Length",
          "Value": "4779"
        },
        {
          "Name": "Content-Type",
          "Value": "text/javascript"
        },
        {
          "Name": "ETag",
          "Value": "\"mQmksmxD9Ct+JoB/LV+dLhO302k0Xx+qUeBZPRUOpLY=\""
        },
        {
          "Name": "Last-Modified",
          "Value": "Tue, 08 Apr 2025 03:12:40 GMT"
        }
      ],
      "EndpointProperties": [
        {
          "Name": "fingerprint",
          "Value": "xqtk2pv8fd"
        },
        {
          "Name": "integrity",
          "Value": "sha256-mQmksmxD9Ct+JoB/LV+dLhO302k0Xx+qUeBZPRUOpLY="
        },
        {
          "Name": "label",
          "Value": "js/auth.js"
        }
      ]
    },
    {
      "Route": "js/common.72gir1d9fk.js",
      "AssetFile": "js/common.js",
      "Selectors": [],
      "ResponseHeaders": [
        {
          "Name": "Accept-Ranges",
          "Value": "bytes"
        },
        {
          "Name": "Cache-Control",
          "Value": "max-age=31536000, immutable"
        },
        {
          "Name": "Content-Length",
          "Value": "3833"
        },
        {
          "Name": "Content-Type",
          "Value": "text/javascript"
        },
        {
          "Name": "ETag",
          "Value": "\"z9A+IhD/Y8JgyY4kp7yqJbcvExPZVQZOF8pmajBw/X8=\""
        },
        {
          "Name": "Last-Modified",
          "Value": "Tue, 08 Apr 2025 04:56:37 GMT"
        }
      ],
      "EndpointProperties": [
        {
          "Name": "fingerprint",
          "Value": "72gir1d9fk"
        },
        {
          "Name": "integrity",
          "Value": "sha256-z9A+IhD/Y8JgyY4kp7yqJbcvExPZVQZOF8pmajBw/X8="
        },
        {
          "Name": "label",
          "Value": "js/common.js"
        }
      ]
    },
    {
      "Route": "js/common.js",
      "AssetFile": "js/common.js",
      "Selectors": [],
      "ResponseHeaders": [
        {
          "Name": "Accept-Ranges",
          "Value": "bytes"
        },
        {
          "Name": "Cache-Control",
          "Value": "no-cache"
        },
        {
          "Name": "Content-Length",
          "Value": "3833"
        },
        {
          "Name": "Content-Type",
          "Value": "text/javascript"
        },
        {
          "Name": "ETag",
          "Value": "\"z9A+IhD/Y8JgyY4kp7yqJbcvExPZVQZOF8pmajBw/X8=\""
        },
        {
          "Name": "Last-Modified",
          "Value": "Tue, 08 Apr 2025 04:56:37 GMT"
        }
      ],
      "EndpointProperties": [
        {
          "Name": "integrity",
          "Value": "sha256-z9A+IhD/Y8JgyY4kp7yqJbcvExPZVQZOF8pmajBw/X8="
        }
      ]
    },
    {
      "Route": "js/config.js",
      "AssetFile": "js/config.js",
      "Selectors": [],
      "ResponseHeaders": [
        {
          "Name": "Accept-Ranges",
          "Value": "bytes"
        },
        {
          "Name": "Cache-Control",
          "Value": "no-cache"
        },
        {
          "Name": "Content-Length",
          "Value": "6259"
        },
        {
          "Name": "Content-Type",
          "Value": "text/javascript"
        },
        {
          "Name": "ETag",
          "Value": "\"slQkXYbGyxNJhjL1NoF7nh9oodf/SoifR2Lqg6cdnOY=\""
        },
        {
          "Name": "Last-Modified",
          "Value": "Tue, 08 Apr 2025 04:56:37 GMT"
        }
      ],
      "EndpointProperties": [
        {
          "Name": "integrity",
          "Value": "sha256-slQkXYbGyxNJhjL1NoF7nh9oodf/SoifR2Lqg6cdnOY="
        }
      ]
    },
    {
      "Route": "js/config.ys2ymve6il.js",
      "AssetFile": "js/config.js",
      "Selectors": [],
      "ResponseHeaders": [
        {
          "Name": "Accept-Ranges",
          "Value": "bytes"
        },
        {
          "Name": "Cache-Control",
          "Value": "max-age=31536000, immutable"
        },
        {
          "Name": "Content-Length",
          "Value": "6259"
        },
        {
          "Name": "Content-Type",
          "Value": "text/javascript"
        },
        {
          "Name": "ETag",
          "Value": "\"slQkXYbGyxNJhjL1NoF7nh9oodf/SoifR2Lqg6cdnOY=\""
        },
        {
          "Name": "Last-Modified",
          "Value": "Tue, 08 Apr 2025 04:56:37 GMT"
        }
      ],
      "EndpointProperties": [
        {
          "Name": "fingerprint",
          "Value": "ys2ymve6il"
        },
        {
          "Name": "integrity",
          "Value": "sha256-slQkXYbGyxNJhjL1NoF7nh9oodf/SoifR2Lqg6cdnOY="
        },
        {
          "Name": "label",
          "Value": "js/config.js"
        }
      ]
    },
    {
      "Route": "js/dashboard.4jbv9j6uoo.js",
      "AssetFile": "js/dashboard.js",
      "Selectors": [],
      "ResponseHeaders": [
        {
          "Name": "Accept-Ranges",
          "Value": "bytes"
        },
        {
          "Name": "Cache-Control",
          "Value": "max-age=31536000, immutable"
        },
        {
          "Name": "Content-Length",
          "Value": "16114"
        },
        {
          "Name": "Content-Type",
          "Value": "text/javascript"
        },
        {
          "Name": "ETag",
          "Value": "\"4P669+a4KKPRyYx2p9n5WbsWi6RvC7qbWCrBOPzCJLk=\""
        },
        {
          "Name": "Last-Modified",
          "Value": "Tue, 08 Apr 2025 04:56:37 GMT"
        }
      ],
      "EndpointProperties": [
        {
          "Name": "fingerprint",
          "Value": "4jbv9j6uoo"
        },
        {
          "Name": "integrity",
          "Value": "sha256-4P669+a4KKPRyYx2p9n5WbsWi6RvC7qbWCrBOPzCJLk="
        },
        {
          "Name": "label",
          "Value": "js/dashboard.js"
        }
      ]
    },
    {
      "Route": "js/dashboard.js",
      "AssetFile": "js/dashboard.js",
      "Selectors": [],
      "ResponseHeaders": [
        {
          "Name": "Accept-Ranges",
          "Value": "bytes"
        },
        {
          "Name": "Cache-Control",
          "Value": "no-cache"
        },
        {
          "Name": "Content-Length",
          "Value": "16114"
        },
        {
          "Name": "Content-Type",
          "Value": "text/javascript"
        },
        {
          "Name": "ETag",
          "Value": "\"4P669+a4KKPRyYx2p9n5WbsWi6RvC7qbWCrBOPzCJLk=\""
        },
        {
          "Name": "Last-Modified",
          "Value": "Tue, 08 Apr 2025 04:56:37 GMT"
        }
      ],
      "EndpointProperties": [
        {
          "Name": "integrity",
          "Value": "sha256-4P669+a4KKPRyYx2p9n5WbsWi6RvC7qbWCrBOPzCJLk="
        }
      ]
    },
    {
      "Route": "js/lib/chart.min.js",
      "AssetFile": "js/lib/chart.min.js",
      "Selectors": [],
      "ResponseHeaders": [
        {
          "Name": "Accept-Ranges",
          "Value": "bytes"
        },
        {
          "Name": "Cache-Control",
          "Value": "no-cache"
        },
        {
          "Name": "Content-Length",
          "Value": "199560"
        },
        {
          "Name": "Content-Type",
          "Value": "text/javascript"
        },
        {
          "Name": "ETag",
          "Value": "\"+8RZJua0aEWg+QVVKg4LEzEEm/8RFez5Tb4JBNiV5xA=\""
        },
        {
          "Name": "Last-Modified",
          "Value": "Tue, 08 Apr 2025 02:59:06 GMT"
        }
      ],
      "EndpointProperties": [
        {
          "Name": "integrity",
          "Value": "sha256-+8RZJua0aEWg+QVVKg4LEzEEm/8RFez5Tb4JBNiV5xA="
        }
      ]
    },
    {
      "Route": "js/lib/chart.min.pbi57e33ig.js",
      "AssetFile": "js/lib/chart.min.js",
      "Selectors": [],
      "ResponseHeaders": [
        {
          "Name": "Accept-Ranges",
          "Value": "bytes"
        },
        {
          "Name": "Cache-Control",
          "Value": "max-age=31536000, immutable"
        },
        {
          "Name": "Content-Length",
          "Value": "199560"
        },
        {
          "Name": "Content-Type",
          "Value": "text/javascript"
        },
        {
          "Name": "ETag",
          "Value": "\"+8RZJua0aEWg+QVVKg4LEzEEm/8RFez5Tb4JBNiV5xA=\""
        },
        {
          "Name": "Last-Modified",
          "Value": "Tue, 08 Apr 2025 02:59:06 GMT"
        }
      ],
      "EndpointProperties": [
        {
          "Name": "fingerprint",
          "Value": "pbi57e33ig"
        },
        {
          "Name": "integrity",
          "Value": "sha256-+8RZJua0aEWg+QVVKg4LEzEEm/8RFez5Tb4JBNiV5xA="
        },
        {
          "Name": "label",
          "Value": "js/lib/chart.min.js"
        }
      ]
    },
    {
      "Route": "js/orders.fnm6t08g2j.js",
      "AssetFile": "js/orders.js",
      "Selectors": [],
      "ResponseHeaders": [
        {
          "Name": "Accept-Ranges",
          "Value": "bytes"
        },
        {
          "Name": "Cache-Control",
          "Value": "max-age=31536000, immutable"
        },
        {
          "Name": "Content-Length",
          "Value": "28413"
        },
        {
          "Name": "Content-Type",
          "Value": "text/javascript"
        },
        {
          "Name": "ETag",
          "Value": "\"1YqpEoYZMfySyMaLlMaWfm4rX7Vy2wGjwwjvgqD0ZQo=\""
        },
        {
          "Name": "Last-Modified",
          "Value": "Mon, 07 Apr 2025 10:00:02 GMT"
        }
      ],
      "EndpointProperties": [
        {
          "Name": "fingerprint",
          "Value": "fnm6t08g2j"
        },
        {
          "Name": "integrity",
          "Value": "sha256-1YqpEoYZMfySyMaLlMaWfm4rX7Vy2wGjwwjvgqD0ZQo="
        },
        {
          "Name": "label",
          "Value": "js/orders.js"
        }
      ]
    },
    {
      "Route": "js/orders.js",
      "AssetFile": "js/orders.js",
      "Selectors": [],
      "ResponseHeaders": [
        {
          "Name": "Accept-Ranges",
          "Value": "bytes"
        },
        {
          "Name": "Cache-Control",
          "Value": "no-cache"
        },
        {
          "Name": "Content-Length",
          "Value": "28413"
        },
        {
          "Name": "Content-Type",
          "Value": "text/javascript"
        },
        {
          "Name": "ETag",
          "Value": "\"1YqpEoYZMfySyMaLlMaWfm4rX7Vy2wGjwwjvgqD0ZQo=\""
        },
        {
          "Name": "Last-Modified",
          "Value": "Mon, 07 Apr 2025 10:00:02 GMT"
        }
      ],
      "EndpointProperties": [
        {
          "Name": "integrity",
          "Value": "sha256-1YqpEoYZMfySyMaLlMaWfm4rX7Vy2wGjwwjvgqD0ZQo="
        }
      ]
    },
    {
      "Route": "js/piles.61863cq1tg.js",
      "AssetFile": "js/piles.js",
      "Selectors": [],
      "ResponseHeaders": [
        {
          "Name": "Accept-Ranges",
          "Value": "bytes"
        },
        {
          "Name": "Cache-Control",
          "Value": "max-age=31536000, immutable"
        },
        {
          "Name": "Content-Length",
          "Value": "38359"
        },
        {
          "Name": "Content-Type",
          "Value": "text/javascript"
        },
        {
          "Name": "ETag",
          "Value": "\"1h68OfshjguMeynxBLr07nmfUR6o+mE9q5iScrddKTo=\""
        },
        {
          "Name": "Last-Modified",
          "Value": "Thu, 03 Apr 2025 09:43:00 GMT"
        }
      ],
      "EndpointProperties": [
        {
          "Name": "fingerprint",
          "Value": "61863cq1tg"
        },
        {
          "Name": "integrity",
          "Value": "sha256-1h68OfshjguMeynxBLr07nmfUR6o+mE9q5iScrddKTo="
        },
        {
          "Name": "label",
          "Value": "js/piles.js"
        }
      ]
    },
    {
      "Route": "js/piles.js",
      "AssetFile": "js/piles.js",
      "Selectors": [],
      "ResponseHeaders": [
        {
          "Name": "Accept-Ranges",
          "Value": "bytes"
        },
        {
          "Name": "Cache-Control",
          "Value": "no-cache"
        },
        {
          "Name": "Content-Length",
          "Value": "38359"
        },
        {
          "Name": "Content-Type",
          "Value": "text/javascript"
        },
        {
          "Name": "ETag",
          "Value": "\"1h68OfshjguMeynxBLr07nmfUR6o+mE9q5iScrddKTo=\""
        },
        {
          "Name": "Last-Modified",
          "Value": "Thu, 03 Apr 2025 09:43:00 GMT"
        }
      ],
      "EndpointProperties": [
        {
          "Name": "integrity",
          "Value": "sha256-1h68OfshjguMeynxBLr07nmfUR6o+mE9q5iScrddKTo="
        }
      ]
    },
    {
      "Route": "js/stations.js",
      "AssetFile": "js/stations.js",
      "Selectors": [],
      "ResponseHeaders": [
        {
          "Name": "Accept-Ranges",
          "Value": "bytes"
        },
        {
          "Name": "Cache-Control",
          "Value": "no-cache"
        },
        {
          "Name": "Content-Length",
          "Value": "13960"
        },
        {
          "Name": "Content-Type",
          "Value": "text/javascript"
        },
        {
          "Name": "ETag",
          "Value": "\"O4IVcjcCsDV1vx15bGP5si6qE6xuUEeOezQ+OZUmiE4=\""
        },
        {
          "Name": "Last-Modified",
          "Value": "Tue, 08 Apr 2025 04:56:37 GMT"
        }
      ],
      "EndpointProperties": [
        {
          "Name": "integrity",
          "Value": "sha256-O4IVcjcCsDV1vx15bGP5si6qE6xuUEeOezQ+OZUmiE4="
        }
      ]
    },
    {
      "Route": "js/stations.v72kuf0r2p.js",
      "AssetFile": "js/stations.js",
      "Selectors": [],
      "ResponseHeaders": [
        {
          "Name": "Accept-Ranges",
          "Value": "bytes"
        },
        {
          "Name": "Cache-Control",
          "Value": "max-age=31536000, immutable"
        },
        {
          "Name": "Content-Length",
          "Value": "13960"
        },
        {
          "Name": "Content-Type",
          "Value": "text/javascript"
        },
        {
          "Name": "ETag",
          "Value": "\"O4IVcjcCsDV1vx15bGP5si6qE6xuUEeOezQ+OZUmiE4=\""
        },
        {
          "Name": "Last-Modified",
          "Value": "Tue, 08 Apr 2025 04:56:37 GMT"
        }
      ],
      "EndpointProperties": [
        {
          "Name": "fingerprint",
          "Value": "v72kuf0r2p"
        },
        {
          "Name": "integrity",
          "Value": "sha256-O4IVcjcCsDV1vx15bGP5si6qE6xuUEeOezQ+OZUmiE4="
        },
        {
          "Name": "label",
          "Value": "js/stations.js"
        }
      ]
    },
    {
      "Route": "js/statistics.js",
      "AssetFile": "js/statistics.js",
      "Selectors": [],
      "ResponseHeaders": [
        {
          "Name": "Accept-Ranges",
          "Value": "bytes"
        },
        {
          "Name": "Cache-Control",
          "Value": "no-cache"
        },
        {
          "Name": "Content-Length",
          "Value": "12215"
        },
        {
          "Name": "Content-Type",
          "Value": "text/javascript"
        },
        {
          "Name": "ETag",
          "Value": "\"RprfxB2X6OlAlyKYmmZKl0zGR9G832WF0fMGp8wMAbY=\""
        },
        {
          "Name": "Last-Modified",
          "Value": "Tue, 08 Apr 2025 02:48:34 GMT"
        }
      ],
      "EndpointProperties": [
        {
          "Name": "integrity",
          "Value": "sha256-RprfxB2X6OlAlyKYmmZKl0zGR9G832WF0fMGp8wMAbY="
        }
      ]
    },
    {
      "Route": "js/statistics.qvt0jw1ysx.js",
      "AssetFile": "js/statistics.js",
      "Selectors": [],
      "ResponseHeaders": [
        {
          "Name": "Accept-Ranges",
          "Value": "bytes"
        },
        {
          "Name": "Cache-Control",
          "Value": "max-age=31536000, immutable"
        },
        {
          "Name": "Content-Length",
          "Value": "12215"
        },
        {
          "Name": "Content-Type",
          "Value": "text/javascript"
        },
        {
          "Name": "ETag",
          "Value": "\"RprfxB2X6OlAlyKYmmZKl0zGR9G832WF0fMGp8wMAbY=\""
        },
        {
          "Name": "Last-Modified",
          "Value": "Tue, 08 Apr 2025 02:48:34 GMT"
        }
      ],
      "EndpointProperties": [
        {
          "Name": "fingerprint",
          "Value": "qvt0jw1ysx"
        },
        {
          "Name": "integrity",
          "Value": "sha256-RprfxB2X6OlAlyKYmmZKl0zGR9G832WF0fMGp8wMAbY="
        },
        {
          "Name": "label",
          "Value": "js/statistics.js"
        }
      ]
    },
    {
      "Route": "js/users.826i3qhde4.js",
      "AssetFile": "js/users.js",
      "Selectors": [],
      "ResponseHeaders": [
        {
          "Name": "Accept-Ranges",
          "Value": "bytes"
        },
        {
          "Name": "Cache-Control",
          "Value": "max-age=31536000, immutable"
        },
        {
          "Name": "Content-Length",
          "Value": "21460"
        },
        {
          "Name": "Content-Type",
          "Value": "text/javascript"
        },
        {
          "Name": "ETag",
          "Value": "\"0DW6quIMDPv2fXUnVu4a70ToSynvXneVRMVHGyYfQi8=\""
        },
        {
          "Name": "Last-Modified",
          "Value": "Mon, 07 Apr 2025 07:12:20 GMT"
        }
      ],
      "EndpointProperties": [
        {
          "Name": "fingerprint",
          "Value": "826i3qhde4"
        },
        {
          "Name": "integrity",
          "Value": "sha256-0DW6quIMDPv2fXUnVu4a70ToSynvXneVRMVHGyYfQi8="
        },
        {
          "Name": "label",
          "Value": "js/users.js"
        }
      ]
    },
    {
      "Route": "js/users.js",
      "AssetFile": "js/users.js",
      "Selectors": [],
      "ResponseHeaders": [
        {
          "Name": "Accept-Ranges",
          "Value": "bytes"
        },
        {
          "Name": "Cache-Control",
          "Value": "no-cache"
        },
        {
          "Name": "Content-Length",
          "Value": "21460"
        },
        {
          "Name": "Content-Type",
          "Value": "text/javascript"
        },
        {
          "Name": "ETag",
          "Value": "\"0DW6quIMDPv2fXUnVu4a70ToSynvXneVRMVHGyYfQi8=\""
        },
        {
          "Name": "Last-Modified",
          "Value": "Mon, 07 Apr 2025 07:12:20 GMT"
        }
      ],
      "EndpointProperties": [
        {
          "Name": "integrity",
          "Value": "sha256-0DW6quIMDPv2fXUnVu4a70ToSynvXneVRMVHGyYfQi8="
        }
      ]
    },
    {
      "Route": "login.html",
      "AssetFile": "login.html",
      "Selectors": [],
      "ResponseHeaders": [
        {
          "Name": "Accept-Ranges",
          "Value": "bytes"
        },
        {
          "Name": "Cache-Control",
          "Value": "no-cache"
        },
        {
          "Name": "Content-Length",
          "Value": "11098"
        },
        {
          "Name": "Content-Type",
          "Value": "text/html"
        },
        {
          "Name": "ETag",
          "Value": "\"+luSDGDASdiQzREfBQgFnjbM508AZPC9SOhXGFSmF/c=\""
        },
        {
          "Name": "Last-Modified",
          "Value": "Tue, 08 Apr 2025 03:22:24 GMT"
        }
      ],
      "EndpointProperties": [
        {
          "Name": "integrity",
          "Value": "sha256-+luSDGDASdiQzREfBQgFnjbM508AZPC9SOhXGFSmF/c="
        }
      ]
    },
    {
      "Route": "login.qr6337s53x.html",
      "AssetFile": "login.html",
      "Selectors": [],
      "ResponseHeaders": [
        {
          "Name": "Accept-Ranges",
          "Value": "bytes"
        },
        {
          "Name": "Cache-Control",
          "Value": "max-age=31536000, immutable"
        },
        {
          "Name": "Content-Length",
          "Value": "11098"
        },
        {
          "Name": "Content-Type",
          "Value": "text/html"
        },
        {
          "Name": "ETag",
          "Value": "\"+luSDGDASdiQzREfBQgFnjbM508AZPC9SOhXGFSmF/c=\""
        },
        {
          "Name": "Last-Modified",
          "Value": "Tue, 08 Apr 2025 03:22:24 GMT"
        }
      ],
      "EndpointProperties": [
        {
          "Name": "fingerprint",
          "Value": "qr6337s53x"
        },
        {
          "Name": "integrity",
          "Value": "sha256-+luSDGDASdiQzREfBQgFnjbM508AZPC9SOhXGFSmF/c="
        },
        {
          "Name": "label",
          "Value": "login.html"
        }
      ]
    },
    {
      "Route": "orders.hmhj7w16cy.html",
      "AssetFile": "orders.html",
      "Selectors": [],
      "ResponseHeaders": [
        {
          "Name": "Accept-Ranges",
          "Value": "bytes"
        },
        {
          "Name": "Cache-Control",
          "Value": "max-age=31536000, immutable"
        },
        {
          "Name": "Content-Length",
          "Value": "21669"
        },
        {
          "Name": "Content-Type",
          "Value": "text/html"
        },
        {
          "Name": "ETag",
          "Value": "\"+VYOtoX4Iq1ZNh+DNQZJPZ+qzs7DYxDEzYZEQXqVsF8=\""
        },
        {
          "Name": "Last-Modified",
          "Value": "Mon, 07 Apr 2025 10:00:26 GMT"
        }
      ],
      "EndpointProperties": [
        {
          "Name": "fingerprint",
          "Value": "hmhj7w16cy"
        },
        {
          "Name": "integrity",
          "Value": "sha256-+VYOtoX4Iq1ZNh+DNQZJPZ+qzs7DYxDEzYZEQXqVsF8="
        },
        {
          "Name": "label",
          "Value": "orders.html"
        }
      ]
    },
    {
      "Route": "orders.html",
      "AssetFile": "orders.html",
      "Selectors": [],
      "ResponseHeaders": [
        {
          "Name": "Accept-Ranges",
          "Value": "bytes"
        },
        {
          "Name": "Cache-Control",
          "Value": "no-cache"
        },
        {
          "Name": "Content-Length",
          "Value": "21669"
        },
        {
          "Name": "Content-Type",
          "Value": "text/html"
        },
        {
          "Name": "ETag",
          "Value": "\"+VYOtoX4Iq1ZNh+DNQZJPZ+qzs7DYxDEzYZEQXqVsF8=\""
        },
        {
          "Name": "Last-Modified",
          "Value": "Mon, 07 Apr 2025 10:00:26 GMT"
        }
      ],
      "EndpointProperties": [
        {
          "Name": "integrity",
          "Value": "sha256-+VYOtoX4Iq1ZNh+DNQZJPZ+qzs7DYxDEzYZEQXqVsF8="
        }
      ]
    },
    {
      "Route": "statistics.dyvfqnvksx.html",
      "AssetFile": "statistics.html",
      "Selectors": [],
      "ResponseHeaders": [
        {
          "Name": "Accept-Ranges",
          "Value": "bytes"
        },
        {
          "Name": "Cache-Control",
          "Value": "max-age=31536000, immutable"
        },
        {
          "Name": "Content-Length",
          "Value": "25526"
        },
        {
          "Name": "Content-Type",
          "Value": "text/html"
        },
        {
          "Name": "ETag",
          "Value": "\"hVWq8gaESf5qXwyoSr6OdGE6hRmANnDrMVOOPVkYPyo=\""
        },
        {
          "Name": "Last-Modified",
          "Value": "Tue, 08 Apr 2025 02:58:45 GMT"
        }
      ],
      "EndpointProperties": [
        {
          "Name": "fingerprint",
          "Value": "dyvfqnvksx"
        },
        {
          "Name": "integrity",
          "Value": "sha256-hVWq8gaESf5qXwyoSr6OdGE6hRmANnDrMVOOPVkYPyo="
        },
        {
          "Name": "label",
          "Value": "statistics.html"
        }
      ]
    },
    {
      "Route": "statistics.html",
      "AssetFile": "statistics.html",
      "Selectors": [],
      "ResponseHeaders": [
        {
          "Name": "Accept-Ranges",
          "Value": "bytes"
        },
        {
          "Name": "Cache-Control",
          "Value": "no-cache"
        },
        {
          "Name": "Content-Length",
          "Value": "25526"
        },
        {
          "Name": "Content-Type",
          "Value": "text/html"
        },
        {
          "Name": "ETag",
          "Value": "\"hVWq8gaESf5qXwyoSr6OdGE6hRmANnDrMVOOPVkYPyo=\""
        },
        {
          "Name": "Last-Modified",
          "Value": "Tue, 08 Apr 2025 02:58:45 GMT"
        }
      ],
      "EndpointProperties": [
        {
          "Name": "integrity",
          "Value": "sha256-hVWq8gaESf5qXwyoSr6OdGE6hRmANnDrMVOOPVkYPyo="
        }
      ]
    },
    {
      "Route": "users.d35qw0w9r5.html",
      "AssetFile": "users.html",
      "Selectors": [],
      "ResponseHeaders": [
        {
          "Name": "Accept-Ranges",
          "Value": "bytes"
        },
        {
          "Name": "Cache-Control",
          "Value": "max-age=31536000, immutable"
        },
        {
          "Name": "Content-Length",
          "Value": "26236"
        },
        {
          "Name": "Content-Type",
          "Value": "text/html"
        },
        {
          "Name": "ETag",
          "Value": "\"SfzHbo4YZRcf8Tib3ve8XT3zH5K8pPvdifqiNJg06h8=\""
        },
        {
          "Name": "Last-Modified",
          "Value": "Mon, 07 Apr 2025 08:47:11 GMT"
        }
      ],
      "EndpointProperties": [
        {
          "Name": "fingerprint",
          "Value": "d35qw0w9r5"
        },
        {
          "Name": "integrity",
          "Value": "sha256-SfzHbo4YZRcf8Tib3ve8XT3zH5K8pPvdifqiNJg06h8="
        },
        {
          "Name": "label",
          "Value": "users.html"
        }
      ]
    },
    {
      "Route": "users.html",
      "AssetFile": "users.html",
      "Selectors": [],
      "ResponseHeaders": [
        {
          "Name": "Accept-Ranges",
          "Value": "bytes"
        },
        {
          "Name": "Cache-Control",
          "Value": "no-cache"
        },
        {
          "Name": "Content-Length",
          "Value": "26236"
        },
        {
          "Name": "Content-Type",
          "Value": "text/html"
        },
        {
          "Name": "ETag",
          "Value": "\"SfzHbo4YZRcf8Tib3ve8XT3zH5K8pPvdifqiNJg06h8=\""
        },
        {
          "Name": "Last-Modified",
          "Value": "Mon, 07 Apr 2025 08:47:11 GMT"
        }
      ],
      "EndpointProperties": [
        {
          "Name": "integrity",
          "Value": "sha256-SfzHbo4YZRcf8Tib3ve8XT3zH5K8pPvdifqiNJg06h8="
        }
      ]
    }
  ]
}