{
  "Version": 1,
  "ManifestType": "Publish",
  "Endpoints": [
    {
      "Route": "charging-piles.drtxe1ay33.html",
      "AssetFile": "charging-piles.html",
      "Selectors": [],
      "ResponseHeaders": [
        {
          "Name": "Accept-Ranges",
          "Value": "bytes"
        },
        {
          "Name": "Cache-Control",
          "Value": "max-age=31536000, immutable"
        },
        {
          "Name": "Content-Length",
          "Value": "32664"
        },
        {
          "Name": "Content-Type",
          "Value": "text/html"
        },
        {
          "Name": "ETag",
          "Value": "\"F1l8hr7EMIDTegpOlflpIssPwxBy/Xnf79NoK5UN83g=\""
        },
        {
          "Name": "Last-Modified",
          "Value": "Wed, 09 Apr 2025 09:03:03 GMT"
        }
      ],
      "EndpointProperties": [
        {
          "Name": "fingerprint",
          "Value": "drtxe1ay33"
        },
        {
          "Name": "integrity",
          "Value": "sha256-F1l8hr7EMIDTegpOlflpIssPwxBy/Xnf79NoK5UN83g="
        },
        {
          "Name": "label",
          "Value": "charging-piles.html"
        }
      ]
    },
    {
      "Route": "charging-piles.html",
      "AssetFile": "charging-piles.html",
      "Selectors": [],
      "ResponseHeaders": [
        {
          "Name": "Accept-Ranges",
          "Value": "bytes"
        },
        {
          "Name": "Cache-Control",
          "Value": "no-cache"
        },
        {
          "Name": "Content-Length",
          "Value": "32664"
        },
        {
          "Name": "Content-Type",
          "Value": "text/html"
        },
        {
          "Name": "ETag",
          "Value": "\"F1l8hr7EMIDTegpOlflpIssPwxBy/Xnf79NoK5UN83g=\""
        },
        {
          "Name": "Last-Modified",
          "Value": "Wed, 09 Apr 2025 09:03:03 GMT"
        }
      ],
      "EndpointProperties": [
        {
          "Name": "integrity",
          "Value": "sha256-F1l8hr7EMIDTegpOlflpIssPwxBy/Xnf79NoK5UN83g="
        }
      ]
    },
    {
      "Route": "charging-stations.html",
      "AssetFile": "charging-stations.html",
      "Selectors": [],
      "ResponseHeaders": [
        {
          "Name": "Accept-Ranges",
          "Value": "bytes"
        },
        {
          "Name": "Cache-Control",
          "Value": "no-cache"
        },
        {
          "Name": "Content-Length",
          "Value": "19774"
        },
        {
          "Name": "Content-Type",
          "Value": "text/html"
        },
        {
          "Name": "ETag",
          "Value": "\"+y4Xdrdcc4su5gZzFdxXYe97P0dkbtJSFZuCct9XGvM=\""
        },
        {
          "Name": "Last-Modified",
          "Value": "Thu, 10 Apr 2025 08:02:12 GMT"
        }
      ],
      "EndpointProperties": [
        {
          "Name": "integrity",
          "Value": "sha256-+y4Xdrdcc4su5gZzFdxXYe97P0dkbtJSFZuCct9XGvM="
        }
      ]
    },
    {
      "Route": "charging-stations.nlrtqxs7na.html",
      "AssetFile": "charging-stations.html",
      "Selectors": [],
      "ResponseHeaders": [
        {
          "Name": "Accept-Ranges",
          "Value": "bytes"
        },
        {
          "Name": "Cache-Control",
          "Value": "max-age=31536000, immutable"
        },
        {
          "Name": "Content-Length",
          "Value": "19774"
        },
        {
          "Name": "Content-Type",
          "Value": "text/html"
        },
        {
          "Name": "ETag",
          "Value": "\"+y4Xdrdcc4su5gZzFdxXYe97P0dkbtJSFZuCct9XGvM=\""
        },
        {
          "Name": "Last-Modified",
          "Value": "Thu, 10 Apr 2025 08:02:12 GMT"
        }
      ],
      "EndpointProperties": [
        {
          "Name": "fingerprint",
          "Value": "nlrtqxs7na"
        },
        {
          "Name": "integrity",
          "Value": "sha256-+y4Xdrdcc4su5gZzFdxXYe97P0dkbtJSFZuCct9XGvM="
        },
        {
          "Name": "label",
          "Value": "charging-stations.html"
        }
      ]
    },
    {
      "Route": "components/footer.696vxdt3wh.html",
      "AssetFile": "components/footer.html",
      "Selectors": [],
      "ResponseHeaders": [
        {
          "Name": "Accept-Ranges",
          "Value": "bytes"
        },
        {
          "Name": "Cache-Control",
          "Value": "max-age=31536000, immutable"
        },
        {
          "Name": "Content-Length",
          "Value": "203"
        },
        {
          "Name": "Content-Type",
          "Value": "text/html"
        },
        {
          "Name": "ETag",
          "Value": "\"ataxYRDCOnN/7bxwfnkr1gzLlBC+Hgo1csNkUD66K5E=\""
        },
        {
          "Name": "Last-Modified",
          "Value": "Mon, 07 Apr 2025 08:17:29 GMT"
        }
      ],
      "EndpointProperties": [
        {
          "Name": "fingerprint",
          "Value": "696vxdt3wh"
        },
        {
          "Name": "integrity",
          "Value": "sha256-ataxYRDCOnN/7bxwfnkr1gzLlBC+Hgo1csNkUD66K5E="
        },
        {
          "Name": "label",
          "Value": "components/footer.html"
        }
      ]
    },
    {
      "Route": "components/footer.html",
      "AssetFile": "components/footer.html",
      "Selectors": [],
      "ResponseHeaders": [
        {
          "Name": "Accept-Ranges",
          "Value": "bytes"
        },
        {
          "Name": "Cache-Control",
          "Value": "no-cache"
        },
        {
          "Name": "Content-Length",
          "Value": "203"
        },
        {
          "Name": "Content-Type",
          "Value": "text/html"
        },
        {
          "Name": "ETag",
          "Value": "\"ataxYRDCOnN/7bxwfnkr1gzLlBC+Hgo1csNkUD66K5E=\""
        },
        {
          "Name": "Last-Modified",
          "Value": "Mon, 07 Apr 2025 08:17:29 GMT"
        }
      ],
      "EndpointProperties": [
        {
          "Name": "integrity",
          "Value": "sha256-ataxYRDCOnN/7bxwfnkr1gzLlBC+Hgo1csNkUD66K5E="
        }
      ]
    },
    {
      "Route": "components/header.flhdnenmwt.html",
      "AssetFile": "components/header.html",
      "Selectors": [],
      "ResponseHeaders": [
        {
          "Name": "Accept-Ranges",
          "Value": "bytes"
        },
        {
          "Name": "Cache-Control",
          "Value": "max-age=31536000, immutable"
        },
        {
          "Name": "Content-Length",
          "Value": "2189"
        },
        {
          "Name": "Content-Type",
          "Value": "text/html"
        },
        {
          "Name": "ETag",
          "Value": "\"rQbMEHRA9fv8fqi5NjAeMclqNIwtKFrtU1qcvGIFJNM=\""
        },
        {
          "Name": "Last-Modified",
          "Value": "Wed, 09 Apr 2025 07:42:41 GMT"
        }
      ],
      "EndpointProperties": [
        {
          "Name": "fingerprint",
          "Value": "flhdnenmwt"
        },
        {
          "Name": "integrity",
          "Value": "sha256-rQbMEHRA9fv8fqi5NjAeMclqNIwtKFrtU1qcvGIFJNM="
        },
        {
          "Name": "label",
          "Value": "components/header.html"
        }
      ]
    },
    {
      "Route": "components/header.html",
      "AssetFile": "components/header.html",
      "Selectors": [],
      "ResponseHeaders": [
        {
          "Name": "Accept-Ranges",
          "Value": "bytes"
        },
        {
          "Name": "Cache-Control",
          "Value": "no-cache"
        },
        {
          "Name": "Content-Length",
          "Value": "2189"
        },
        {
          "Name": "Content-Type",
          "Value": "text/html"
        },
        {
          "Name": "ETag",
          "Value": "\"rQbMEHRA9fv8fqi5NjAeMclqNIwtKFrtU1qcvGIFJNM=\""
        },
        {
          "Name": "Last-Modified",
          "Value": "Wed, 09 Apr 2025 07:42:41 GMT"
        }
      ],
      "EndpointProperties": [
        {
          "Name": "integrity",
          "Value": "sha256-rQbMEHRA9fv8fqi5NjAeMclqNIwtKFrtU1qcvGIFJNM="
        }
      ]
    },
    {
      "Route": "components/sidebar.dq3lp1n7ik.html",
      "AssetFile": "components/sidebar.html",
      "Selectors": [],
      "ResponseHeaders": [
        {
          "Name": "Accept-Ranges",
          "Value": "bytes"
        },
        {
          "Name": "Cache-Control",
          "Value": "max-age=31536000, immutable"
        },
        {
          "Name": "Content-Length",
          "Value": "1574"
        },
        {
          "Name": "Content-Type",
          "Value": "text/html"
        },
        {
          "Name": "ETag",
          "Value": "\"22zVRUBCHKHImmVF4RD9Bcg5XMLQbRynFrNR+a8N280=\""
        },
        {
          "Name": "Last-Modified",
          "Value": "Wed, 09 Apr 2025 07:42:41 GMT"
        }
      ],
      "EndpointProperties": [
        {
          "Name": "fingerprint",
          "Value": "dq3lp1n7ik"
        },
        {
          "Name": "integrity",
          "Value": "sha256-22zVRUBCHKHImmVF4RD9Bcg5XMLQbRynFrNR+a8N280="
        },
        {
          "Name": "label",
          "Value": "components/sidebar.html"
        }
      ]
    },
    {
      "Route": "components/sidebar.html",
      "AssetFile": "components/sidebar.html",
      "Selectors": [],
      "ResponseHeaders": [
        {
          "Name": "Accept-Ranges",
          "Value": "bytes"
        },
        {
          "Name": "Cache-Control",
          "Value": "no-cache"
        },
        {
          "Name": "Content-Length",
          "Value": "1574"
        },
        {
          "Name": "Content-Type",
          "Value": "text/html"
        },
        {
          "Name": "ETag",
          "Value": "\"22zVRUBCHKHImmVF4RD9Bcg5XMLQbRynFrNR+a8N280=\""
        },
        {
          "Name": "Last-Modified",
          "Value": "Wed, 09 Apr 2025 07:42:41 GMT"
        }
      ],
      "EndpointProperties": [
        {
          "Name": "integrity",
          "Value": "sha256-22zVRUBCHKHImmVF4RD9Bcg5XMLQbRynFrNR+a8N280="
        }
      ]
    },
    {
      "Route": "components/template.html",
      "AssetFile": "components/template.html",
      "Selectors": [],
      "ResponseHeaders": [
        {
          "Name": "Accept-Ranges",
          "Value": "bytes"
        },
        {
          "Name": "Cache-Control",
          "Value": "no-cache"
        },
        {
          "Name": "Content-Length",
          "Value": "1650"
        },
        {
          "Name": "Content-Type",
          "Value": "text/html"
        },
        {
          "Name": "ETag",
          "Value": "\"CJQZ75O0GCMgZBx4EyxSg4tpSPwgeMdHLWjb+0Hvv/8=\""
        },
        {
          "Name": "Last-Modified",
          "Value": "Thu, 10 Apr 2025 08:02:12 GMT"
        }
      ],
      "EndpointProperties": [
        {
          "Name": "integrity",
          "Value": "sha256-CJQZ75O0GCMgZBx4EyxSg4tpSPwgeMdHLWjb+0Hvv/8="
        }
      ]
    },
    {
      "Route": "components/template.sz0opg8w56.html",
      "AssetFile": "components/template.html",
      "Selectors": [],
      "ResponseHeaders": [
        {
          "Name": "Accept-Ranges",
          "Value": "bytes"
        },
        {
          "Name": "Cache-Control",
          "Value": "max-age=31536000, immutable"
        },
        {
          "Name": "Content-Length",
          "Value": "1650"
        },
        {
          "Name": "Content-Type",
          "Value": "text/html"
        },
        {
          "Name": "ETag",
          "Value": "\"CJQZ75O0GCMgZBx4EyxSg4tpSPwgeMdHLWjb+0Hvv/8=\""
        },
        {
          "Name": "Last-Modified",
          "Value": "Thu, 10 Apr 2025 08:02:12 GMT"
        }
      ],
      "EndpointProperties": [
        {
          "Name": "fingerprint",
          "Value": "sz0opg8w56"
        },
        {
          "Name": "integrity",
          "Value": "sha256-CJQZ75O0GCMgZBx4EyxSg4tpSPwgeMdHLWjb+0Hvv/8="
        },
        {
          "Name": "label",
          "Value": "components/template.html"
        }
      ]
    },
    {
      "Route": "css/all.min.css",
      "AssetFile": "css/all.min.css",
      "Selectors": [],
      "ResponseHeaders": [
        {
          "Name": "Accept-Ranges",
          "Value": "bytes"
        },
        {
          "Name": "Cache-Control",
          "Value": "no-cache"
        },
        {
          "Name": "Content-Length",
          "Value": "14617"
        },
        {
          "Name": "Content-Type",
          "Value": "text/css"
        },
        {
          "Name": "ETag",
          "Value": "\"GJFPye8xhsFzHAsvzkYHsZOBU0rlBcUsbzJhGYdocbA=\""
        },
        {
          "Name": "Last-Modified",
          "Value": "Tue, 08 Apr 2025 09:46:41 GMT"
        }
      ],
      "EndpointProperties": [
        {
          "Name": "integrity",
          "Value": "sha256-GJFPye8xhsFzHAsvzkYHsZOBU0rlBcUsbzJhGYdocbA="
        }
      ]
    },
    {
      "Route": "css/all.min.cvzi753p8w.css",
      "AssetFile": "css/all.min.css",
      "Selectors": [],
      "ResponseHeaders": [
        {
          "Name": "Accept-Ranges",
          "Value": "bytes"
        },
        {
          "Name": "Cache-Control",
          "Value": "max-age=31536000, immutable"
        },
        {
          "Name": "Content-Length",
          "Value": "14617"
        },
        {
          "Name": "Content-Type",
          "Value": "text/css"
        },
        {
          "Name": "ETag",
          "Value": "\"GJFPye8xhsFzHAsvzkYHsZOBU0rlBcUsbzJhGYdocbA=\""
        },
        {
          "Name": "Last-Modified",
          "Value": "Tue, 08 Apr 2025 09:46:41 GMT"
        }
      ],
      "EndpointProperties": [
        {
          "Name": "fingerprint",
          "Value": "cvzi753p8w"
        },
        {
          "Name": "integrity",
          "Value": "sha256-GJFPye8xhsFzHAsvzkYHsZOBU0rlBcUsbzJhGYdocbA="
        },
        {
          "Name": "label",
          "Value": "css/all.min.css"
        }
      ]
    },
    {
      "Route": "css/bootstrap.min.css",
      "AssetFile": "css/bootstrap.min.css",
      "Selectors": [],
      "ResponseHeaders": [
        {
          "Name": "Accept-Ranges",
          "Value": "bytes"
        },
        {
          "Name": "Cache-Control",
          "Value": "no-cache"
        },
        {
          "Name": "Content-Length",
          "Value": "13412"
        },
        {
          "Name": "Content-Type",
          "Value": "text/css"
        },
        {
          "Name": "ETag",
          "Value": "\"+x8mOjod5KO74ZE4WkR9GI8RRwQhq7QuXgVEekZpLvI=\""
        },
        {
          "Name": "Last-Modified",
          "Value": "Tue, 08 Apr 2025 09:45:35 GMT"
        }
      ],
      "EndpointProperties": [
        {
          "Name": "integrity",
          "Value": "sha256-+x8mOjod5KO74ZE4WkR9GI8RRwQhq7QuXgVEekZpLvI="
        }
      ]
    },
    {
      "Route": "css/bootstrap.min.htyn8ykjyt.css",
      "AssetFile": "css/bootstrap.min.css",
      "Selectors": [],
      "ResponseHeaders": [
        {
          "Name": "Accept-Ranges",
          "Value": "bytes"
        },
        {
          "Name": "Cache-Control",
          "Value": "max-age=31536000, immutable"
        },
        {
          "Name": "Content-Length",
          "Value": "13412"
        },
        {
          "Name": "Content-Type",
          "Value": "text/css"
        },
        {
          "Name": "ETag",
          "Value": "\"+x8mOjod5KO74ZE4WkR9GI8RRwQhq7QuXgVEekZpLvI=\""
        },
        {
          "Name": "Last-Modified",
          "Value": "Tue, 08 Apr 2025 09:45:35 GMT"
        }
      ],
      "EndpointProperties": [
        {
          "Name": "fingerprint",
          "Value": "htyn8ykjyt"
        },
        {
          "Name": "integrity",
          "Value": "sha256-+x8mOjod5KO74ZE4WkR9GI8RRwQhq7QuXgVEekZpLvI="
        },
        {
          "Name": "label",
          "Value": "css/bootstrap.min.css"
        }
      ]
    },
    {
      "Route": "css/lib/all.min.css",
      "AssetFile": "css/lib/all.min.css",
      "Selectors": [],
      "ResponseHeaders": [
        {
          "Name": "Accept-Ranges",
          "Value": "bytes"
        },
        {
          "Name": "Cache-Control",
          "Value": "no-cache"
        },
        {
          "Name": "Content-Length",
          "Value": "102095"
        },
        {
          "Name": "Content-Type",
          "Value": "text/css"
        },
        {
          "Name": "ETag",
          "Value": "\"Mw9UBKWFNiBuIPcjUIkaDc5FZcORw+akn3a4AuYHcic=\""
        },
        {
          "Name": "Last-Modified",
          "Value": "Wed, 09 Apr 2025 03:58:12 GMT"
        }
      ],
      "EndpointProperties": [
        {
          "Name": "integrity",
          "Value": "sha256-Mw9UBKWFNiBuIPcjUIkaDc5FZcORw+akn3a4AuYHcic="
        }
      ]
    },
    {
      "Route": "css/lib/all.min.f5bbis4aiq.css",
      "AssetFile": "css/lib/all.min.css",
      "Selectors": [],
      "ResponseHeaders": [
        {
          "Name": "Accept-Ranges",
          "Value": "bytes"
        },
        {
          "Name": "Cache-Control",
          "Value": "max-age=31536000, immutable"
        },
        {
          "Name": "Content-Length",
          "Value": "102095"
        },
        {
          "Name": "Content-Type",
          "Value": "text/css"
        },
        {
          "Name": "ETag",
          "Value": "\"Mw9UBKWFNiBuIPcjUIkaDc5FZcORw+akn3a4AuYHcic=\""
        },
        {
          "Name": "Last-Modified",
          "Value": "Wed, 09 Apr 2025 03:58:12 GMT"
        }
      ],
      "EndpointProperties": [
        {
          "Name": "fingerprint",
          "Value": "f5bbis4aiq"
        },
        {
          "Name": "integrity",
          "Value": "sha256-Mw9UBKWFNiBuIPcjUIkaDc5FZcORw+akn3a4AuYHcic="
        },
        {
          "Name": "label",
          "Value": "css/lib/all.min.css"
        }
      ]
    },
    {
      "Route": "css/lib/bootstrap.min.7y3e6zuski.css",
      "AssetFile": "css/lib/bootstrap.min.css",
      "Selectors": [],
      "ResponseHeaders": [
        {
          "Name": "Accept-Ranges",
          "Value": "bytes"
        },
        {
          "Name": "Cache-Control",
          "Value": "max-age=31536000, immutable"
        },
        {
          "Name": "Content-Length",
          "Value": "232914"
        },
        {
          "Name": "Content-Type",
          "Value": "text/css"
        },
        {
          "Name": "ETag",
          "Value": "\"fx038NkLY4U1TCrBDiu5FWPEa9eiZu01EiLryshJbCo=\""
        },
        {
          "Name": "Last-Modified",
          "Value": "Wed, 09 Apr 2025 03:17:10 GMT"
        }
      ],
      "EndpointProperties": [
        {
          "Name": "fingerprint",
          "Value": "7y3e6zuski"
        },
        {
          "Name": "integrity",
          "Value": "sha256-fx038NkLY4U1TCrBDiu5FWPEa9eiZu01EiLryshJbCo="
        },
        {
          "Name": "label",
          "Value": "css/lib/bootstrap.min.css"
        }
      ]
    },
    {
      "Route": "css/lib/bootstrap.min.css",
      "AssetFile": "css/lib/bootstrap.min.css",
      "Selectors": [],
      "ResponseHeaders": [
        {
          "Name": "Accept-Ranges",
          "Value": "bytes"
        },
        {
          "Name": "Cache-Control",
          "Value": "no-cache"
        },
        {
          "Name": "Content-Length",
          "Value": "232914"
        },
        {
          "Name": "Content-Type",
          "Value": "text/css"
        },
        {
          "Name": "ETag",
          "Value": "\"fx038NkLY4U1TCrBDiu5FWPEa9eiZu01EiLryshJbCo=\""
        },
        {
          "Name": "Last-Modified",
          "Value": "Wed, 09 Apr 2025 03:17:10 GMT"
        }
      ],
      "EndpointProperties": [
        {
          "Name": "integrity",
          "Value": "sha256-fx038NkLY4U1TCrBDiu5FWPEa9eiZu01EiLryshJbCo="
        }
      ]
    },
    {
      "Route": "css/particles.c6gqe5gdmw.css",
      "AssetFile": "css/particles.css",
      "Selectors": [],
      "ResponseHeaders": [
        {
          "Name": "Accept-Ranges",
          "Value": "bytes"
        },
        {
          "Name": "Cache-Control",
          "Value": "max-age=31536000, immutable"
        },
        {
          "Name": "Content-Length",
          "Value": "150"
        },
        {
          "Name": "Content-Type",
          "Value": "text/css"
        },
        {
          "Name": "ETag",
          "Value": "\"nOmA40RHs0nJEUX8eCh1bbTf30R6vK1ZDQhH0Sd4uHk=\""
        },
        {
          "Name": "Last-Modified",
          "Value": "Tue, 08 Apr 2025 03:22:33 GMT"
        }
      ],
      "EndpointProperties": [
        {
          "Name": "fingerprint",
          "Value": "c6gqe5gdmw"
        },
        {
          "Name": "integrity",
          "Value": "sha256-nOmA40RHs0nJEUX8eCh1bbTf30R6vK1ZDQhH0Sd4uHk="
        },
        {
          "Name": "label",
          "Value": "css/particles.css"
        }
      ]
    },
    {
      "Route": "css/particles.css",
      "AssetFile": "css/particles.css",
      "Selectors": [],
      "ResponseHeaders": [
        {
          "Name": "Accept-Ranges",
          "Value": "bytes"
        },
        {
          "Name": "Cache-Control",
          "Value": "no-cache"
        },
        {
          "Name": "Content-Length",
          "Value": "150"
        },
        {
          "Name": "Content-Type",
          "Value": "text/css"
        },
        {
          "Name": "ETag",
          "Value": "\"nOmA40RHs0nJEUX8eCh1bbTf30R6vK1ZDQhH0Sd4uHk=\""
        },
        {
          "Name": "Last-Modified",
          "Value": "Tue, 08 Apr 2025 03:22:33 GMT"
        }
      ],
      "EndpointProperties": [
        {
          "Name": "integrity",
          "Value": "sha256-nOmA40RHs0nJEUX8eCh1bbTf30R6vK1ZDQhH0Sd4uHk="
        }
      ]
    },
    {
      "Route": "css/sidebar.8md6v739lj.css",
      "AssetFile": "css/sidebar.css",
      "Selectors": [],
      "ResponseHeaders": [
        {
          "Name": "Accept-Ranges",
          "Value": "bytes"
        },
        {
          "Name": "Cache-Control",
          "Value": "max-age=31536000, immutable"
        },
        {
          "Name": "Content-Length",
          "Value": "1416"
        },
        {
          "Name": "Content-Type",
          "Value": "text/css"
        },
        {
          "Name": "ETag",
          "Value": "\"cPVXugCrT2ABZhdugcAV2rvZTHIXJFNZBvSwLnvDIeE=\""
        },
        {
          "Name": "Last-Modified",
          "Value": "Wed, 09 Apr 2025 07:42:41 GMT"
        }
      ],
      "EndpointProperties": [
        {
          "Name": "fingerprint",
          "Value": "8md6v739lj"
        },
        {
          "Name": "integrity",
          "Value": "sha256-cPVXugCrT2ABZhdugcAV2rvZTHIXJFNZBvSwLnvDIeE="
        },
        {
          "Name": "label",
          "Value": "css/sidebar.css"
        }
      ]
    },
    {
      "Route": "css/sidebar.css",
      "AssetFile": "css/sidebar.css",
      "Selectors": [],
      "ResponseHeaders": [
        {
          "Name": "Accept-Ranges",
          "Value": "bytes"
        },
        {
          "Name": "Cache-Control",
          "Value": "no-cache"
        },
        {
          "Name": "Content-Length",
          "Value": "1416"
        },
        {
          "Name": "Content-Type",
          "Value": "text/css"
        },
        {
          "Name": "ETag",
          "Value": "\"cPVXugCrT2ABZhdugcAV2rvZTHIXJFNZBvSwLnvDIeE=\""
        },
        {
          "Name": "Last-Modified",
          "Value": "Wed, 09 Apr 2025 07:42:41 GMT"
        }
      ],
      "EndpointProperties": [
        {
          "Name": "integrity",
          "Value": "sha256-cPVXugCrT2ABZhdugcAV2rvZTHIXJFNZBvSwLnvDIeE="
        }
      ]
    },
    {
      "Route": "css/style.css",
      "AssetFile": "css/style.css",
      "Selectors": [],
      "ResponseHeaders": [
        {
          "Name": "Accept-Ranges",
          "Value": "bytes"
        },
        {
          "Name": "Cache-Control",
          "Value": "no-cache"
        },
        {
          "Name": "Content-Length",
          "Value": "4146"
        },
        {
          "Name": "Content-Type",
          "Value": "text/css"
        },
        {
          "Name": "ETag",
          "Value": "\"t1PvecYlGR+KVqRPSSowK47g8zIL869R1TUx5z5B2DU=\""
        },
        {
          "Name": "Last-Modified",
          "Value": "Thu, 10 Apr 2025 09:21:51 GMT"
        }
      ],
      "EndpointProperties": [
        {
          "Name": "integrity",
          "Value": "sha256-t1PvecYlGR+KVqRPSSowK47g8zIL869R1TUx5z5B2DU="
        }
      ]
    },
    {
      "Route": "css/style.hew5lxmjx2.css",
      "AssetFile": "css/style.css",
      "Selectors": [],
      "ResponseHeaders": [
        {
          "Name": "Accept-Ranges",
          "Value": "bytes"
        },
        {
          "Name": "Cache-Control",
          "Value": "max-age=31536000, immutable"
        },
        {
          "Name": "Content-Length",
          "Value": "4146"
        },
        {
          "Name": "Content-Type",
          "Value": "text/css"
        },
        {
          "Name": "ETag",
          "Value": "\"t1PvecYlGR+KVqRPSSowK47g8zIL869R1TUx5z5B2DU=\""
        },
        {
          "Name": "Last-Modified",
          "Value": "Thu, 10 Apr 2025 09:21:51 GMT"
        }
      ],
      "EndpointProperties": [
        {
          "Name": "fingerprint",
          "Value": "hew5lxmjx2"
        },
        {
          "Name": "integrity",
          "Value": "sha256-t1PvecYlGR+KVqRPSSowK47g8zIL869R1TUx5z5B2DU="
        },
        {
          "Name": "label",
          "Value": "css/style.css"
        }
      ]
    },
    {
      "Route": "dashboard.96u34zxe4i.html",
      "AssetFile": "dashboard.html",
      "Selectors": [],
      "ResponseHeaders": [
        {
          "Name": "Accept-Ranges",
          "Value": "bytes"
        },
        {
          "Name": "Cache-Control",
          "Value": "max-age=31536000, immutable"
        },
        {
          "Name": "Content-Length",
          "Value": "9456"
        },
        {
          "Name": "Content-Type",
          "Value": "text/html"
        },
        {
          "Name": "ETag",
          "Value": "\"f8TdNW4Ig33CMRis4vRSnX6AkIfv0iwpv03lZwE2c4Q=\""
        },
        {
          "Name": "Last-Modified",
          "Value": "Thu, 10 Apr 2025 09:21:51 GMT"
        }
      ],
      "EndpointProperties": [
        {
          "Name": "fingerprint",
          "Value": "96u34zxe4i"
        },
        {
          "Name": "integrity",
          "Value": "sha256-f8TdNW4Ig33CMRis4vRSnX6AkIfv0iwpv03lZwE2c4Q="
        },
        {
          "Name": "label",
          "Value": "dashboard.html"
        }
      ]
    },
    {
      "Route": "dashboard.html",
      "AssetFile": "dashboard.html",
      "Selectors": [],
      "ResponseHeaders": [
        {
          "Name": "Accept-Ranges",
          "Value": "bytes"
        },
        {
          "Name": "Cache-Control",
          "Value": "no-cache"
        },
        {
          "Name": "Content-Length",
          "Value": "9456"
        },
        {
          "Name": "Content-Type",
          "Value": "text/html"
        },
        {
          "Name": "ETag",
          "Value": "\"f8TdNW4Ig33CMRis4vRSnX6AkIfv0iwpv03lZwE2c4Q=\""
        },
        {
          "Name": "Last-Modified",
          "Value": "Thu, 10 Apr 2025 09:21:51 GMT"
        }
      ],
      "EndpointProperties": [
        {
          "Name": "integrity",
          "Value": "sha256-f8TdNW4Ig33CMRis4vRSnX6AkIfv0iwpv03lZwE2c4Q="
        }
      ]
    },
    {
      "Route": "favicon.ico",
      "AssetFile": "favicon.ico",
      "Selectors": [],
      "ResponseHeaders": [
        {
          "Name": "Accept-Ranges",
          "Value": "bytes"
        },
        {
          "Name": "Cache-Control",
          "Value": "max-age=3600, must-revalidate"
        },
        {
          "Name": "Content-Length",
          "Value": "4286"
        },
        {
          "Name": "Content-Type",
          "Value": "image/x-icon"
        },
        {
          "Name": "ETag",
          "Value": "\"1uHYFy71ulS0WRR84MU5h1FgFef+pW5aqKZ0g1Ri5qY=\""
        },
        {
          "Name": "Last-Modified",
          "Value": "Wed, 09 Apr 2025 08:10:19 GMT"
        }
      ],
      "EndpointProperties": [
        {
          "Name": "integrity",
          "Value": "sha256-1uHYFy71ulS0WRR84MU5h1FgFef+pW5aqKZ0g1Ri5qY="
        }
      ]
    },
    {
      "Route": "favicon.ymblg8gncp.ico",
      "AssetFile": "favicon.ico",
      "Selectors": [],
      "ResponseHeaders": [
        {
          "Name": "Accept-Ranges",
          "Value": "bytes"
        },
        {
          "Name": "Cache-Control",
          "Value": "max-age=31536000, immutable"
        },
        {
          "Name": "Content-Length",
          "Value": "4286"
        },
        {
          "Name": "Content-Type",
          "Value": "image/x-icon"
        },
        {
          "Name": "ETag",
          "Value": "\"1uHYFy71ulS0WRR84MU5h1FgFef+pW5aqKZ0g1Ri5qY=\""
        },
        {
          "Name": "Last-Modified",
          "Value": "Wed, 09 Apr 2025 08:10:19 GMT"
        }
      ],
      "EndpointProperties": [
        {
          "Name": "fingerprint",
          "Value": "ymblg8gncp"
        },
        {
          "Name": "integrity",
          "Value": "sha256-1uHYFy71ulS0WRR84MU5h1FgFef+pW5aqKZ0g1Ri5qY="
        },
        {
          "Name": "label",
          "Value": "favicon.ico"
        }
      ]
    },
    {
      "Route": "index.0pfiaw3kly.html",
      "AssetFile": "index.html",
      "Selectors": [],
      "ResponseHeaders": [
        {
          "Name": "Accept-Ranges",
          "Value": "bytes"
        },
        {
          "Name": "Cache-Control",
          "Value": "max-age=31536000, immutable"
        },
        {
          "Name": "Content-Length",
          "Value": "9378"
        },
        {
          "Name": "Content-Type",
          "Value": "text/html"
        },
        {
          "Name": "ETag",
          "Value": "\"9BkpU3Qw1QVNMuM1DckX67pMqpVD56z/eXuVqWwLElU=\""
        },
        {
          "Name": "Last-Modified",
          "Value": "Wed, 09 Apr 2025 09:20:36 GMT"
        }
      ],
      "EndpointProperties": [
        {
          "Name": "fingerprint",
          "Value": "0pfiaw3kly"
        },
        {
          "Name": "integrity",
          "Value": "sha256-9BkpU3Qw1QVNMuM1DckX67pMqpVD56z/eXuVqWwLElU="
        },
        {
          "Name": "label",
          "Value": "index.html"
        }
      ]
    },
    {
      "Route": "index.html",
      "AssetFile": "index.html",
      "Selectors": [],
      "ResponseHeaders": [
        {
          "Name": "Accept-Ranges",
          "Value": "bytes"
        },
        {
          "Name": "Cache-Control",
          "Value": "no-cache"
        },
        {
          "Name": "Content-Length",
          "Value": "9378"
        },
        {
          "Name": "Content-Type",
          "Value": "text/html"
        },
        {
          "Name": "ETag",
          "Value": "\"9BkpU3Qw1QVNMuM1DckX67pMqpVD56z/eXuVqWwLElU=\""
        },
        {
          "Name": "Last-Modified",
          "Value": "Wed, 09 Apr 2025 09:20:36 GMT"
        }
      ],
      "EndpointProperties": [
        {
          "Name": "integrity",
          "Value": "sha256-9BkpU3Qw1QVNMuM1DckX67pMqpVD56z/eXuVqWwLElU="
        }
      ]
    },
    {
      "Route": "js/auth.js",
      "AssetFile": "js/auth.js",
      "Selectors": [],
      "ResponseHeaders": [
        {
          "Name": "Accept-Ranges",
          "Value": "bytes"
        },
        {
          "Name": "Cache-Control",
          "Value": "no-cache"
        },
        {
          "Name": "Content-Length",
          "Value": "4779"
        },
        {
          "Name": "Content-Type",
          "Value": "text/javascript"
        },
        {
          "Name": "ETag",
          "Value": "\"mQmksmxD9Ct+JoB/LV+dLhO302k0Xx+qUeBZPRUOpLY=\""
        },
        {
          "Name": "Last-Modified",
          "Value": "Tue, 08 Apr 2025 03:12:40 GMT"
        }
      ],
      "EndpointProperties": [
        {
          "Name": "integrity",
          "Value": "sha256-mQmksmxD9Ct+JoB/LV+dLhO302k0Xx+qUeBZPRUOpLY="
        }
      ]
    },
    {
      "Route": "js/auth.xqtk2pv8fd.js",
      "AssetFile": "js/auth.js",
      "Selectors": [],
      "ResponseHeaders": [
        {
          "Name": "Accept-Ranges",
          "Value": "bytes"
        },
        {
          "Name": "Cache-Control",
          "Value": "max-age=31536000, immutable"
        },
        {
          "Name": "Content-Length",
          "Value": "4779"
        },
        {
          "Name": "Content-Type",
          "Value": "text/javascript"
        },
        {
          "Name": "ETag",
          "Value": "\"mQmksmxD9Ct+JoB/LV+dLhO302k0Xx+qUeBZPRUOpLY=\""
        },
        {
          "Name": "Last-Modified",
          "Value": "Tue, 08 Apr 2025 03:12:40 GMT"
        }
      ],
      "EndpointProperties": [
        {
          "Name": "fingerprint",
          "Value": "xqtk2pv8fd"
        },
        {
          "Name": "integrity",
          "Value": "sha256-mQmksmxD9Ct+JoB/LV+dLhO302k0Xx+qUeBZPRUOpLY="
        },
        {
          "Name": "label",
          "Value": "js/auth.js"
        }
      ]
    },
    {
      "Route": "js/common.2eazm1qlzn.js",
      "AssetFile": "js/common.js",
      "Selectors": [],
      "ResponseHeaders": [
        {
          "Name": "Accept-Ranges",
          "Value": "bytes"
        },
        {
          "Name": "Cache-Control",
          "Value": "max-age=31536000, immutable"
        },
        {
          "Name": "Content-Length",
          "Value": "5288"
        },
        {
          "Name": "Content-Type",
          "Value": "text/javascript"
        },
        {
          "Name": "ETag",
          "Value": "\"pob2wm88fFmo+9fPZe2gDtsj7TWuVzJtCKQ44gFtJ18=\""
        },
        {
          "Name": "Last-Modified",
          "Value": "Thu, 10 Apr 2025 03:53:05 GMT"
        }
      ],
      "EndpointProperties": [
        {
          "Name": "fingerprint",
          "Value": "2eazm1qlzn"
        },
        {
          "Name": "integrity",
          "Value": "sha256-pob2wm88fFmo+9fPZe2gDtsj7TWuVzJtCKQ44gFtJ18="
        },
        {
          "Name": "label",
          "Value": "js/common.js"
        }
      ]
    },
    {
      "Route": "js/common.js",
      "AssetFile": "js/common.js",
      "Selectors": [],
      "ResponseHeaders": [
        {
          "Name": "Accept-Ranges",
          "Value": "bytes"
        },
        {
          "Name": "Cache-Control",
          "Value": "no-cache"
        },
        {
          "Name": "Content-Length",
          "Value": "5288"
        },
        {
          "Name": "Content-Type",
          "Value": "text/javascript"
        },
        {
          "Name": "ETag",
          "Value": "\"pob2wm88fFmo+9fPZe2gDtsj7TWuVzJtCKQ44gFtJ18=\""
        },
        {
          "Name": "Last-Modified",
          "Value": "Thu, 10 Apr 2025 03:53:05 GMT"
        }
      ],
      "EndpointProperties": [
        {
          "Name": "integrity",
          "Value": "sha256-pob2wm88fFmo+9fPZe2gDtsj7TWuVzJtCKQ44gFtJ18="
        }
      ]
    },
    {
      "Route": "js/config.js",
      "AssetFile": "js/config.js",
      "Selectors": [],
      "ResponseHeaders": [
        {
          "Name": "Accept-Ranges",
          "Value": "bytes"
        },
        {
          "Name": "Cache-Control",
          "Value": "no-cache"
        },
        {
          "Name": "Content-Length",
          "Value": "6704"
        },
        {
          "Name": "Content-Type",
          "Value": "text/javascript"
        },
        {
          "Name": "ETag",
          "Value": "\"4UpX00bY0rEWYVHuMywR8kRsGwJ0tWsogIruIZIBIy0=\""
        },
        {
          "Name": "Last-Modified",
          "Value": "Thu, 10 Apr 2025 09:21:51 GMT"
        }
      ],
      "EndpointProperties": [
        {
          "Name": "integrity",
          "Value": "sha256-4UpX00bY0rEWYVHuMywR8kRsGwJ0tWsogIruIZIBIy0="
        }
      ]
    },
    {
      "Route": "js/config.t9k94y73w7.js",
      "AssetFile": "js/config.js",
      "Selectors": [],
      "ResponseHeaders": [
        {
          "Name": "Accept-Ranges",
          "Value": "bytes"
        },
        {
          "Name": "Cache-Control",
          "Value": "max-age=31536000, immutable"
        },
        {
          "Name": "Content-Length",
          "Value": "6704"
        },
        {
          "Name": "Content-Type",
          "Value": "text/javascript"
        },
        {
          "Name": "ETag",
          "Value": "\"4UpX00bY0rEWYVHuMywR8kRsGwJ0tWsogIruIZIBIy0=\""
        },
        {
          "Name": "Last-Modified",
          "Value": "Thu, 10 Apr 2025 09:21:51 GMT"
        }
      ],
      "EndpointProperties": [
        {
          "Name": "fingerprint",
          "Value": "t9k94y73w7"
        },
        {
          "Name": "integrity",
          "Value": "sha256-4UpX00bY0rEWYVHuMywR8kRsGwJ0tWsogIruIZIBIy0="
        },
        {
          "Name": "label",
          "Value": "js/config.js"
        }
      ]
    },
    {
      "Route": "js/dashboard.cilwk7obr1.js",
      "AssetFile": "js/dashboard.js",
      "Selectors": [],
      "ResponseHeaders": [
        {
          "Name": "Accept-Ranges",
          "Value": "bytes"
        },
        {
          "Name": "Cache-Control",
          "Value": "max-age=31536000, immutable"
        },
        {
          "Name": "Content-Length",
          "Value": "20063"
        },
        {
          "Name": "Content-Type",
          "Value": "text/javascript"
        },
        {
          "Name": "ETag",
          "Value": "\"HHuoD227oxuxNRPBRXTrOx7zhFdvgkdj8oLJNxlHEMg=\""
        },
        {
          "Name": "Last-Modified",
          "Value": "Thu, 10 Apr 2025 09:53:48 GMT"
        }
      ],
      "EndpointProperties": [
        {
          "Name": "fingerprint",
          "Value": "cilwk7obr1"
        },
        {
          "Name": "integrity",
          "Value": "sha256-HHuoD227oxuxNRPBRXTrOx7zhFdvgkdj8oLJNxlHEMg="
        },
        {
          "Name": "label",
          "Value": "js/dashboard.js"
        }
      ]
    },
    {
      "Route": "js/dashboard.js",
      "AssetFile": "js/dashboard.js",
      "Selectors": [],
      "ResponseHeaders": [
        {
          "Name": "Accept-Ranges",
          "Value": "bytes"
        },
        {
          "Name": "Cache-Control",
          "Value": "no-cache"
        },
        {
          "Name": "Content-Length",
          "Value": "20063"
        },
        {
          "Name": "Content-Type",
          "Value": "text/javascript"
        },
        {
          "Name": "ETag",
          "Value": "\"HHuoD227oxuxNRPBRXTrOx7zhFdvgkdj8oLJNxlHEMg=\""
        },
        {
          "Name": "Last-Modified",
          "Value": "Thu, 10 Apr 2025 09:53:48 GMT"
        }
      ],
      "EndpointProperties": [
        {
          "Name": "integrity",
          "Value": "sha256-HHuoD227oxuxNRPBRXTrOx7zhFdvgkdj8oLJNxlHEMg="
        }
      ]
    },
    {
      "Route": "js/lib/bootstrap.bundle.min.js",
      "AssetFile": "js/lib/bootstrap.bundle.min.js",
      "Selectors": [],
      "ResponseHeaders": [
        {
          "Name": "Accept-Ranges",
          "Value": "bytes"
        },
        {
          "Name": "Cache-Control",
          "Value": "no-cache"
        },
        {
          "Name": "Content-Length",
          "Value": "80421"
        },
        {
          "Name": "Content-Type",
          "Value": "text/javascript"
        },
        {
          "Name": "ETag",
          "Value": "\"qlPVgvl+tZTCpcxYJFdHB/m6mDe84wRr+l81VoYPTgQ=\""
        },
        {
          "Name": "Last-Modified",
          "Value": "Wed, 09 Apr 2025 03:17:22 GMT"
        }
      ],
      "EndpointProperties": [
        {
          "Name": "integrity",
          "Value": "sha256-qlPVgvl+tZTCpcxYJFdHB/m6mDe84wRr+l81VoYPTgQ="
        }
      ]
    },
    {
      "Route": "js/lib/bootstrap.bundle.min.y58g3z9xkb.js",
      "AssetFile": "js/lib/bootstrap.bundle.min.js",
      "Selectors": [],
      "ResponseHeaders": [
        {
          "Name": "Accept-Ranges",
          "Value": "bytes"
        },
        {
          "Name": "Cache-Control",
          "Value": "max-age=31536000, immutable"
        },
        {
          "Name": "Content-Length",
          "Value": "80421"
        },
        {
          "Name": "Content-Type",
          "Value": "text/javascript"
        },
        {
          "Name": "ETag",
          "Value": "\"qlPVgvl+tZTCpcxYJFdHB/m6mDe84wRr+l81VoYPTgQ=\""
        },
        {
          "Name": "Last-Modified",
          "Value": "Wed, 09 Apr 2025 03:17:22 GMT"
        }
      ],
      "EndpointProperties": [
        {
          "Name": "fingerprint",
          "Value": "y58g3z9xkb"
        },
        {
          "Name": "integrity",
          "Value": "sha256-qlPVgvl+tZTCpcxYJFdHB/m6mDe84wRr+l81VoYPTgQ="
        },
        {
          "Name": "label",
          "Value": "js/lib/bootstrap.bundle.min.js"
        }
      ]
    },
    {
      "Route": "js/lib/chart.min.8jxcsqpcge.js",
      "AssetFile": "js/lib/chart.min.js",
      "Selectors": [],
      "ResponseHeaders": [
        {
          "Name": "Accept-Ranges",
          "Value": "bytes"
        },
        {
          "Name": "Cache-Control",
          "Value": "max-age=31536000, immutable"
        },
        {
          "Name": "Content-Length",
          "Value": "206553"
        },
        {
          "Name": "Content-Type",
          "Value": "text/javascript"
        },
        {
          "Name": "ETag",
          "Value": "\"xAh36I3k33IBUyAU4U+3B/DwehlqTsY+BwVEuAGE+wA=\""
        },
        {
          "Name": "Last-Modified",
          "Value": "Wed, 09 Apr 2025 03:17:29 GMT"
        }
      ],
      "EndpointProperties": [
        {
          "Name": "fingerprint",
          "Value": "8jxcsqpcge"
        },
        {
          "Name": "integrity",
          "Value": "sha256-xAh36I3k33IBUyAU4U+3B/DwehlqTsY+BwVEuAGE+wA="
        },
        {
          "Name": "label",
          "Value": "js/lib/chart.min.js"
        }
      ]
    },
    {
      "Route": "js/lib/chart.min.js",
      "AssetFile": "js/lib/chart.min.js",
      "Selectors": [],
      "ResponseHeaders": [
        {
          "Name": "Accept-Ranges",
          "Value": "bytes"
        },
        {
          "Name": "Cache-Control",
          "Value": "no-cache"
        },
        {
          "Name": "Content-Length",
          "Value": "206553"
        },
        {
          "Name": "Content-Type",
          "Value": "text/javascript"
        },
        {
          "Name": "ETag",
          "Value": "\"xAh36I3k33IBUyAU4U+3B/DwehlqTsY+BwVEuAGE+wA=\""
        },
        {
          "Name": "Last-Modified",
          "Value": "Wed, 09 Apr 2025 03:17:29 GMT"
        }
      ],
      "EndpointProperties": [
        {
          "Name": "integrity",
          "Value": "sha256-xAh36I3k33IBUyAU4U+3B/DwehlqTsY+BwVEuAGE+wA="
        }
      ]
    },
    {
      "Route": "js/lib/jquery.min.dd6z7egasc.js",
      "AssetFile": "js/lib/jquery.min.js",
      "Selectors": [],
      "ResponseHeaders": [
        {
          "Name": "Accept-Ranges",
          "Value": "bytes"
        },
        {
          "Name": "Cache-Control",
          "Value": "max-age=31536000, immutable"
        },
        {
          "Name": "Content-Length",
          "Value": "89501"
        },
        {
          "Name": "Content-Type",
          "Value": "text/javascript"
        },
        {
          "Name": "ETag",
          "Value": "\"/xUj+3OJU5yExlq6GSYGSHk7tPXikynS7ogEvDej/m4=\""
        },
        {
          "Name": "Last-Modified",
          "Value": "Wed, 09 Apr 2025 03:17:35 GMT"
        }
      ],
      "EndpointProperties": [
        {
          "Name": "fingerprint",
          "Value": "dd6z7egasc"
        },
        {
          "Name": "integrity",
          "Value": "sha256-/xUj+3OJU5yExlq6GSYGSHk7tPXikynS7ogEvDej/m4="
        },
        {
          "Name": "label",
          "Value": "js/lib/jquery.min.js"
        }
      ]
    },
    {
      "Route": "js/lib/jquery.min.js",
      "AssetFile": "js/lib/jquery.min.js",
      "Selectors": [],
      "ResponseHeaders": [
        {
          "Name": "Accept-Ranges",
          "Value": "bytes"
        },
        {
          "Name": "Cache-Control",
          "Value": "no-cache"
        },
        {
          "Name": "Content-Length",
          "Value": "89501"
        },
        {
          "Name": "Content-Type",
          "Value": "text/javascript"
        },
        {
          "Name": "ETag",
          "Value": "\"/xUj+3OJU5yExlq6GSYGSHk7tPXikynS7ogEvDej/m4=\""
        },
        {
          "Name": "Last-Modified",
          "Value": "Wed, 09 Apr 2025 03:17:35 GMT"
        }
      ],
      "EndpointProperties": [
        {
          "Name": "integrity",
          "Value": "sha256-/xUj+3OJU5yExlq6GSYGSHk7tPXikynS7ogEvDej/m4="
        }
      ]
    },
    {
      "Route": "js/lib/particles.min.js",
      "AssetFile": "js/lib/particles.min.js",
      "Selectors": [],
      "ResponseHeaders": [
        {
          "Name": "Accept-Ranges",
          "Value": "bytes"
        },
        {
          "Name": "Cache-Control",
          "Value": "no-cache"
        },
        {
          "Name": "Content-Length",
          "Value": "23372"
        },
        {
          "Name": "Content-Type",
          "Value": "text/javascript"
        },
        {
          "Name": "ETag",
          "Value": "\"4UPqgsuzkUeYOJYu06OanyMZZ53fM+aJIX0msOIG1yQ=\""
        },
        {
          "Name": "Last-Modified",
          "Value": "Wed, 09 Apr 2025 03:29:59 GMT"
        }
      ],
      "EndpointProperties": [
        {
          "Name": "integrity",
          "Value": "sha256-4UPqgsuzkUeYOJYu06OanyMZZ53fM+aJIX0msOIG1yQ="
        }
      ]
    },
    {
      "Route": "js/lib/particles.min.n6j0zeaf30.js",
      "AssetFile": "js/lib/particles.min.js",
      "Selectors": [],
      "ResponseHeaders": [
        {
          "Name": "Accept-Ranges",
          "Value": "bytes"
        },
        {
          "Name": "Cache-Control",
          "Value": "max-age=31536000, immutable"
        },
        {
          "Name": "Content-Length",
          "Value": "23372"
        },
        {
          "Name": "Content-Type",
          "Value": "text/javascript"
        },
        {
          "Name": "ETag",
          "Value": "\"4UPqgsuzkUeYOJYu06OanyMZZ53fM+aJIX0msOIG1yQ=\""
        },
        {
          "Name": "Last-Modified",
          "Value": "Wed, 09 Apr 2025 03:29:59 GMT"
        }
      ],
      "EndpointProperties": [
        {
          "Name": "fingerprint",
          "Value": "n6j0zeaf30"
        },
        {
          "Name": "integrity",
          "Value": "sha256-4UPqgsuzkUeYOJYu06OanyMZZ53fM+aJIX0msOIG1yQ="
        },
        {
          "Name": "label",
          "Value": "js/lib/particles.min.js"
        }
      ]
    },
    {
      "Route": "js/orders.fnm6t08g2j.js",
      "AssetFile": "js/orders.js",
      "Selectors": [],
      "ResponseHeaders": [
        {
          "Name": "Accept-Ranges",
          "Value": "bytes"
        },
        {
          "Name": "Cache-Control",
          "Value": "max-age=31536000, immutable"
        },
        {
          "Name": "Content-Length",
          "Value": "28413"
        },
        {
          "Name": "Content-Type",
          "Value": "text/javascript"
        },
        {
          "Name": "ETag",
          "Value": "\"1YqpEoYZMfySyMaLlMaWfm4rX7Vy2wGjwwjvgqD0ZQo=\""
        },
        {
          "Name": "Last-Modified",
          "Value": "Mon, 07 Apr 2025 10:00:02 GMT"
        }
      ],
      "EndpointProperties": [
        {
          "Name": "fingerprint",
          "Value": "fnm6t08g2j"
        },
        {
          "Name": "integrity",
          "Value": "sha256-1YqpEoYZMfySyMaLlMaWfm4rX7Vy2wGjwwjvgqD0ZQo="
        },
        {
          "Name": "label",
          "Value": "js/orders.js"
        }
      ]
    },
    {
      "Route": "js/orders.js",
      "AssetFile": "js/orders.js",
      "Selectors": [],
      "ResponseHeaders": [
        {
          "Name": "Accept-Ranges",
          "Value": "bytes"
        },
        {
          "Name": "Cache-Control",
          "Value": "no-cache"
        },
        {
          "Name": "Content-Length",
          "Value": "28413"
        },
        {
          "Name": "Content-Type",
          "Value": "text/javascript"
        },
        {
          "Name": "ETag",
          "Value": "\"1YqpEoYZMfySyMaLlMaWfm4rX7Vy2wGjwwjvgqD0ZQo=\""
        },
        {
          "Name": "Last-Modified",
          "Value": "Mon, 07 Apr 2025 10:00:02 GMT"
        }
      ],
      "EndpointProperties": [
        {
          "Name": "integrity",
          "Value": "sha256-1YqpEoYZMfySyMaLlMaWfm4rX7Vy2wGjwwjvgqD0ZQo="
        }
      ]
    },
    {
      "Route": "js/piles.61863cq1tg.js",
      "AssetFile": "js/piles.js",
      "Selectors": [],
      "ResponseHeaders": [
        {
          "Name": "Accept-Ranges",
          "Value": "bytes"
        },
        {
          "Name": "Cache-Control",
          "Value": "max-age=31536000, immutable"
        },
        {
          "Name": "Content-Length",
          "Value": "38359"
        },
        {
          "Name": "Content-Type",
          "Value": "text/javascript"
        },
        {
          "Name": "ETag",
          "Value": "\"1h68OfshjguMeynxBLr07nmfUR6o+mE9q5iScrddKTo=\""
        },
        {
          "Name": "Last-Modified",
          "Value": "Thu, 03 Apr 2025 09:43:00 GMT"
        }
      ],
      "EndpointProperties": [
        {
          "Name": "fingerprint",
          "Value": "61863cq1tg"
        },
        {
          "Name": "integrity",
          "Value": "sha256-1h68OfshjguMeynxBLr07nmfUR6o+mE9q5iScrddKTo="
        },
        {
          "Name": "label",
          "Value": "js/piles.js"
        }
      ]
    },
    {
      "Route": "js/piles.js",
      "AssetFile": "js/piles.js",
      "Selectors": [],
      "ResponseHeaders": [
        {
          "Name": "Accept-Ranges",
          "Value": "bytes"
        },
        {
          "Name": "Cache-Control",
          "Value": "no-cache"
        },
        {
          "Name": "Content-Length",
          "Value": "38359"
        },
        {
          "Name": "Content-Type",
          "Value": "text/javascript"
        },
        {
          "Name": "ETag",
          "Value": "\"1h68OfshjguMeynxBLr07nmfUR6o+mE9q5iScrddKTo=\""
        },
        {
          "Name": "Last-Modified",
          "Value": "Thu, 03 Apr 2025 09:43:00 GMT"
        }
      ],
      "EndpointProperties": [
        {
          "Name": "integrity",
          "Value": "sha256-1h68OfshjguMeynxBLr07nmfUR6o+mE9q5iScrddKTo="
        }
      ]
    },
    {
      "Route": "js/stations.js",
      "AssetFile": "js/stations.js",
      "Selectors": [],
      "ResponseHeaders": [
        {
          "Name": "Accept-Ranges",
          "Value": "bytes"
        },
        {
          "Name": "Cache-Control",
          "Value": "no-cache"
        },
        {
          "Name": "Content-Length",
          "Value": "13960"
        },
        {
          "Name": "Content-Type",
          "Value": "text/javascript"
        },
        {
          "Name": "ETag",
          "Value": "\"O4IVcjcCsDV1vx15bGP5si6qE6xuUEeOezQ+OZUmiE4=\""
        },
        {
          "Name": "Last-Modified",
          "Value": "Tue, 08 Apr 2025 04:56:37 GMT"
        }
      ],
      "EndpointProperties": [
        {
          "Name": "integrity",
          "Value": "sha256-O4IVcjcCsDV1vx15bGP5si6qE6xuUEeOezQ+OZUmiE4="
        }
      ]
    },
    {
      "Route": "js/stations.v72kuf0r2p.js",
      "AssetFile": "js/stations.js",
      "Selectors": [],
      "ResponseHeaders": [
        {
          "Name": "Accept-Ranges",
          "Value": "bytes"
        },
        {
          "Name": "Cache-Control",
          "Value": "max-age=31536000, immutable"
        },
        {
          "Name": "Content-Length",
          "Value": "13960"
        },
        {
          "Name": "Content-Type",
          "Value": "text/javascript"
        },
        {
          "Name": "ETag",
          "Value": "\"O4IVcjcCsDV1vx15bGP5si6qE6xuUEeOezQ+OZUmiE4=\""
        },
        {
          "Name": "Last-Modified",
          "Value": "Tue, 08 Apr 2025 04:56:37 GMT"
        }
      ],
      "EndpointProperties": [
        {
          "Name": "fingerprint",
          "Value": "v72kuf0r2p"
        },
        {
          "Name": "integrity",
          "Value": "sha256-O4IVcjcCsDV1vx15bGP5si6qE6xuUEeOezQ+OZUmiE4="
        },
        {
          "Name": "label",
          "Value": "js/stations.js"
        }
      ]
    },
    {
      "Route": "js/statistics.esm37oinn5.js",
      "AssetFile": "js/statistics.js",
      "Selectors": [],
      "ResponseHeaders": [
        {
          "Name": "Accept-Ranges",
          "Value": "bytes"
        },
        {
          "Name": "Cache-Control",
          "Value": "max-age=31536000, immutable"
        },
        {
          "Name": "Content-Length",
          "Value": "12424"
        },
        {
          "Name": "Content-Type",
          "Value": "text/javascript"
        },
        {
          "Name": "ETag",
          "Value": "\"4sK4cq+3jxvocl1dXIH+R+fira3W9i9JywE9hNDJq6E=\""
        },
        {
          "Name": "Last-Modified",
          "Value": "Thu, 10 Apr 2025 14:01:35 GMT"
        }
      ],
      "EndpointProperties": [
        {
          "Name": "fingerprint",
          "Value": "esm37oinn5"
        },
        {
          "Name": "integrity",
          "Value": "sha256-4sK4cq+3jxvocl1dXIH+R+fira3W9i9JywE9hNDJq6E="
        },
        {
          "Name": "label",
          "Value": "js/statistics.js"
        }
      ]
    },
    {
      "Route": "js/statistics.js",
      "AssetFile": "js/statistics.js",
      "Selectors": [],
      "ResponseHeaders": [
        {
          "Name": "Accept-Ranges",
          "Value": "bytes"
        },
        {
          "Name": "Cache-Control",
          "Value": "no-cache"
        },
        {
          "Name": "Content-Length",
          "Value": "12424"
        },
        {
          "Name": "Content-Type",
          "Value": "text/javascript"
        },
        {
          "Name": "ETag",
          "Value": "\"4sK4cq+3jxvocl1dXIH+R+fira3W9i9JywE9hNDJq6E=\""
        },
        {
          "Name": "Last-Modified",
          "Value": "Thu, 10 Apr 2025 14:01:35 GMT"
        }
      ],
      "EndpointProperties": [
        {
          "Name": "integrity",
          "Value": "sha256-4sK4cq+3jxvocl1dXIH+R+fira3W9i9JywE9hNDJq6E="
        }
      ]
    },
    {
      "Route": "js/users.826i3qhde4.js",
      "AssetFile": "js/users.js",
      "Selectors": [],
      "ResponseHeaders": [
        {
          "Name": "Accept-Ranges",
          "Value": "bytes"
        },
        {
          "Name": "Cache-Control",
          "Value": "max-age=31536000, immutable"
        },
        {
          "Name": "Content-Length",
          "Value": "21460"
        },
        {
          "Name": "Content-Type",
          "Value": "text/javascript"
        },
        {
          "Name": "ETag",
          "Value": "\"0DW6quIMDPv2fXUnVu4a70ToSynvXneVRMVHGyYfQi8=\""
        },
        {
          "Name": "Last-Modified",
          "Value": "Mon, 07 Apr 2025 07:12:20 GMT"
        }
      ],
      "EndpointProperties": [
        {
          "Name": "fingerprint",
          "Value": "826i3qhde4"
        },
        {
          "Name": "integrity",
          "Value": "sha256-0DW6quIMDPv2fXUnVu4a70ToSynvXneVRMVHGyYfQi8="
        },
        {
          "Name": "label",
          "Value": "js/users.js"
        }
      ]
    },
    {
      "Route": "js/users.js",
      "AssetFile": "js/users.js",
      "Selectors": [],
      "ResponseHeaders": [
        {
          "Name": "Accept-Ranges",
          "Value": "bytes"
        },
        {
          "Name": "Cache-Control",
          "Value": "no-cache"
        },
        {
          "Name": "Content-Length",
          "Value": "21460"
        },
        {
          "Name": "Content-Type",
          "Value": "text/javascript"
        },
        {
          "Name": "ETag",
          "Value": "\"0DW6quIMDPv2fXUnVu4a70ToSynvXneVRMVHGyYfQi8=\""
        },
        {
          "Name": "Last-Modified",
          "Value": "Mon, 07 Apr 2025 07:12:20 GMT"
        }
      ],
      "EndpointProperties": [
        {
          "Name": "integrity",
          "Value": "sha256-0DW6quIMDPv2fXUnVu4a70ToSynvXneVRMVHGyYfQi8="
        }
      ]
    },
    {
      "Route": "login.e7jgfarcwf.html",
      "AssetFile": "login.html",
      "Selectors": [],
      "ResponseHeaders": [
        {
          "Name": "Accept-Ranges",
          "Value": "bytes"
        },
        {
          "Name": "Cache-Control",
          "Value": "max-age=31536000, immutable"
        },
        {
          "Name": "Content-Length",
          "Value": "11051"
        },
        {
          "Name": "Content-Type",
          "Value": "text/html"
        },
        {
          "Name": "ETag",
          "Value": "\"xrP7p4C2iu7VTiogAtnssNY4VwNw/qm44pT2WFLOrxo=\""
        },
        {
          "Name": "Last-Modified",
          "Value": "Thu, 10 Apr 2025 08:02:12 GMT"
        }
      ],
      "EndpointProperties": [
        {
          "Name": "fingerprint",
          "Value": "e7jgfarcwf"
        },
        {
          "Name": "integrity",
          "Value": "sha256-xrP7p4C2iu7VTiogAtnssNY4VwNw/qm44pT2WFLOrxo="
        },
        {
          "Name": "label",
          "Value": "login.html"
        }
      ]
    },
    {
      "Route": "login.html",
      "AssetFile": "login.html",
      "Selectors": [],
      "ResponseHeaders": [
        {
          "Name": "Accept-Ranges",
          "Value": "bytes"
        },
        {
          "Name": "Cache-Control",
          "Value": "no-cache"
        },
        {
          "Name": "Content-Length",
          "Value": "11051"
        },
        {
          "Name": "Content-Type",
          "Value": "text/html"
        },
        {
          "Name": "ETag",
          "Value": "\"xrP7p4C2iu7VTiogAtnssNY4VwNw/qm44pT2WFLOrxo=\""
        },
        {
          "Name": "Last-Modified",
          "Value": "Thu, 10 Apr 2025 08:02:12 GMT"
        }
      ],
      "EndpointProperties": [
        {
          "Name": "integrity",
          "Value": "sha256-xrP7p4C2iu7VTiogAtnssNY4VwNw/qm44pT2WFLOrxo="
        }
      ]
    },
    {
      "Route": "orders.html",
      "AssetFile": "orders.html",
      "Selectors": [],
      "ResponseHeaders": [
        {
          "Name": "Accept-Ranges",
          "Value": "bytes"
        },
        {
          "Name": "Cache-Control",
          "Value": "no-cache"
        },
        {
          "Name": "Content-Length",
          "Value": "21702"
        },
        {
          "Name": "Content-Type",
          "Value": "text/html"
        },
        {
          "Name": "ETag",
          "Value": "\"gpp0jSjVim6DhZH0AX6cFh2GPBxpDqoAeRayxejvaaU=\""
        },
        {
          "Name": "Last-Modified",
          "Value": "Thu, 10 Apr 2025 08:02:12 GMT"
        }
      ],
      "EndpointProperties": [
        {
          "Name": "integrity",
          "Value": "sha256-gpp0jSjVim6DhZH0AX6cFh2GPBxpDqoAeRayxejvaaU="
        }
      ]
    },
    {
      "Route": "orders.yrlp7t3cx2.html",
      "AssetFile": "orders.html",
      "Selectors": [],
      "ResponseHeaders": [
        {
          "Name": "Accept-Ranges",
          "Value": "bytes"
        },
        {
          "Name": "Cache-Control",
          "Value": "max-age=31536000, immutable"
        },
        {
          "Name": "Content-Length",
          "Value": "21702"
        },
        {
          "Name": "Content-Type",
          "Value": "text/html"
        },
        {
          "Name": "ETag",
          "Value": "\"gpp0jSjVim6DhZH0AX6cFh2GPBxpDqoAeRayxejvaaU=\""
        },
        {
          "Name": "Last-Modified",
          "Value": "Thu, 10 Apr 2025 08:02:12 GMT"
        }
      ],
      "EndpointProperties": [
        {
          "Name": "fingerprint",
          "Value": "yrlp7t3cx2"
        },
        {
          "Name": "integrity",
          "Value": "sha256-gpp0jSjVim6DhZH0AX6cFh2GPBxpDqoAeRayxejvaaU="
        },
        {
          "Name": "label",
          "Value": "orders.html"
        }
      ]
    },
    {
      "Route": "statistics.html",
      "AssetFile": "statistics.html",
      "Selectors": [],
      "ResponseHeaders": [
        {
          "Name": "Accept-Ranges",
          "Value": "bytes"
        },
        {
          "Name": "Cache-Control",
          "Value": "no-cache"
        },
        {
          "Name": "Content-Length",
          "Value": "25383"
        },
        {
          "Name": "Content-Type",
          "Value": "text/html"
        },
        {
          "Name": "ETag",
          "Value": "\"DWxdDUd5d8vwNyvetcs/ALgV6+hvmEGnb1HEkWGv+oY=\""
        },
        {
          "Name": "Last-Modified",
          "Value": "Thu, 10 Apr 2025 08:02:12 GMT"
        }
      ],
      "EndpointProperties": [
        {
          "Name": "integrity",
          "Value": "sha256-DWxdDUd5d8vwNyvetcs/ALgV6+hvmEGnb1HEkWGv+oY="
        }
      ]
    },
    {
      "Route": "statistics.jsrt2ge487.html",
      "AssetFile": "statistics.html",
      "Selectors": [],
      "ResponseHeaders": [
        {
          "Name": "Accept-Ranges",
          "Value": "bytes"
        },
        {
          "Name": "Cache-Control",
          "Value": "max-age=31536000, immutable"
        },
        {
          "Name": "Content-Length",
          "Value": "25383"
        },
        {
          "Name": "Content-Type",
          "Value": "text/html"
        },
        {
          "Name": "ETag",
          "Value": "\"DWxdDUd5d8vwNyvetcs/ALgV6+hvmEGnb1HEkWGv+oY=\""
        },
        {
          "Name": "Last-Modified",
          "Value": "Thu, 10 Apr 2025 08:02:12 GMT"
        }
      ],
      "EndpointProperties": [
        {
          "Name": "fingerprint",
          "Value": "jsrt2ge487"
        },
        {
          "Name": "integrity",
          "Value": "sha256-DWxdDUd5d8vwNyvetcs/ALgV6+hvmEGnb1HEkWGv+oY="
        },
        {
          "Name": "label",
          "Value": "statistics.html"
        }
      ]
    },
    {
      "Route": "users.c859yc7ysj.html",
      "AssetFile": "users.html",
      "Selectors": [],
      "ResponseHeaders": [
        {
          "Name": "Accept-Ranges",
          "Value": "bytes"
        },
        {
          "Name": "Cache-Control",
          "Value": "max-age=31536000, immutable"
        },
        {
          "Name": "Content-Length",
          "Value": "26268"
        },
        {
          "Name": "Content-Type",
          "Value": "text/html"
        },
        {
          "Name": "ETag",
          "Value": "\"RHtcvsiJpDXDfb3XFtpVfneQkoFxt+1PcYpZVJ5oe6U=\""
        },
        {
          "Name": "Last-Modified",
          "Value": "Wed, 09 Apr 2025 09:02:18 GMT"
        }
      ],
      "EndpointProperties": [
        {
          "Name": "fingerprint",
          "Value": "c859yc7ysj"
        },
        {
          "Name": "integrity",
          "Value": "sha256-RHtcvsiJpDXDfb3XFtpVfneQkoFxt+1PcYpZVJ5oe6U="
        },
        {
          "Name": "label",
          "Value": "users.html"
        }
      ]
    },
    {
      "Route": "users.html",
      "AssetFile": "users.html",
      "Selectors": [],
      "ResponseHeaders": [
        {
          "Name": "Accept-Ranges",
          "Value": "bytes"
        },
        {
          "Name": "Cache-Control",
          "Value": "no-cache"
        },
        {
          "Name": "Content-Length",
          "Value": "26268"
        },
        {
          "Name": "Content-Type",
          "Value": "text/html"
        },
        {
          "Name": "ETag",
          "Value": "\"RHtcvsiJpDXDfb3XFtpVfneQkoFxt+1PcYpZVJ5oe6U=\""
        },
        {
          "Name": "Last-Modified",
          "Value": "Wed, 09 Apr 2025 09:02:18 GMT"
        }
      ],
      "EndpointProperties": [
        {
          "Name": "integrity",
          "Value": "sha256-RHtcvsiJpDXDfb3XFtpVfneQkoFxt+1PcYpZVJ5oe6U="
        }
      ]
    },
    {
      "Route": "webfonts/fa-brands-400.kr6peqau0t.ttf",
      "AssetFile": "webfonts/fa-brands-400.ttf",
      "Selectors": [],
      "ResponseHeaders": [
        {
          "Name": "Accept-Ranges",
          "Value": "bytes"
        },
        {
          "Name": "Cache-Control",
          "Value": "max-age=31536000, immutable"
        },
        {
          "Name": "Content-Length",
          "Value": "210792"
        },
        {
          "Name": "Content-Type",
          "Value": "application/x-font-ttf"
        },
        {
          "Name": "ETag",
          "Value": "\"gIRDrmyCBDla3YVD2oqQpguTdvsPh+2OjqN9EJWW2AU=\""
        },
        {
          "Name": "Last-Modified",
          "Value": "Wed, 09 Apr 2025 03:19:04 GMT"
        }
      ],
      "EndpointProperties": [
        {
          "Name": "fingerprint",
          "Value": "kr6peqau0t"
        },
        {
          "Name": "integrity",
          "Value": "sha256-gIRDrmyCBDla3YVD2oqQpguTdvsPh+2OjqN9EJWW2AU="
        },
        {
          "Name": "label",
          "Value": "webfonts/fa-brands-400.ttf"
        }
      ]
    },
    {
      "Route": "webfonts/fa-brands-400.rfefp540hj.woff2",
      "AssetFile": "webfonts/fa-brands-400.woff2",
      "Selectors": [],
      "ResponseHeaders": [
        {
          "Name": "Accept-Ranges",
          "Value": "bytes"
        },
        {
          "Name": "Cache-Control",
          "Value": "max-age=31536000, immutable"
        },
        {
          "Name": "Content-Length",
          "Value": "118684"
        },
        {
          "Name": "Content-Type",
          "Value": "font/woff2"
        },
        {
          "Name": "ETag",
          "Value": "\"1yNqGb8jy7ICcoDo9R3JnWxFl2ou1g3nM4KwNLGKK2g=\""
        },
        {
          "Name": "Last-Modified",
          "Value": "Wed, 09 Apr 2025 03:19:04 GMT"
        }
      ],
      "EndpointProperties": [
        {
          "Name": "fingerprint",
          "Value": "rfefp540hj"
        },
        {
          "Name": "integrity",
          "Value": "sha256-1yNqGb8jy7ICcoDo9R3JnWxFl2ou1g3nM4KwNLGKK2g="
        },
        {
          "Name": "label",
          "Value": "webfonts/fa-brands-400.woff2"
        }
      ]
    },
    {
      "Route": "webfonts/fa-brands-400.ttf",
      "AssetFile": "webfonts/fa-brands-400.ttf",
      "Selectors": [],
      "ResponseHeaders": [
        {
          "Name": "Accept-Ranges",
          "Value": "bytes"
        },
        {
          "Name": "Cache-Control",
          "Value": "no-cache"
        },
        {
          "Name": "Content-Length",
          "Value": "210792"
        },
        {
          "Name": "Content-Type",
          "Value": "application/x-font-ttf"
        },
        {
          "Name": "ETag",
          "Value": "\"gIRDrmyCBDla3YVD2oqQpguTdvsPh+2OjqN9EJWW2AU=\""
        },
        {
          "Name": "Last-Modified",
          "Value": "Wed, 09 Apr 2025 03:19:04 GMT"
        }
      ],
      "EndpointProperties": [
        {
          "Name": "integrity",
          "Value": "sha256-gIRDrmyCBDla3YVD2oqQpguTdvsPh+2OjqN9EJWW2AU="
        }
      ]
    },
    {
      "Route": "webfonts/fa-brands-400.woff2",
      "AssetFile": "webfonts/fa-brands-400.woff2",
      "Selectors": [],
      "ResponseHeaders": [
        {
          "Name": "Accept-Ranges",
          "Value": "bytes"
        },
        {
          "Name": "Cache-Control",
          "Value": "max-age=3600, must-revalidate"
        },
        {
          "Name": "Content-Length",
          "Value": "118684"
        },
        {
          "Name": "Content-Type",
          "Value": "font/woff2"
        },
        {
          "Name": "ETag",
          "Value": "\"1yNqGb8jy7ICcoDo9R3JnWxFl2ou1g3nM4KwNLGKK2g=\""
        },
        {
          "Name": "Last-Modified",
          "Value": "Wed, 09 Apr 2025 03:19:04 GMT"
        }
      ],
      "EndpointProperties": [
        {
          "Name": "integrity",
          "Value": "sha256-1yNqGb8jy7ICcoDo9R3JnWxFl2ou1g3nM4KwNLGKK2g="
        }
      ]
    },
    {
      "Route": "webfonts/fa-regular-400.3s7ez9m4mu.woff2",
      "AssetFile": "webfonts/fa-regular-400.woff2",
      "Selectors": [],
      "ResponseHeaders": [
        {
          "Name": "Accept-Ranges",
          "Value": "bytes"
        },
        {
          "Name": "Cache-Control",
          "Value": "max-age=31536000, immutable"
        },
        {
          "Name": "Content-Length",
          "Value": "25472"
        },
        {
          "Name": "Content-Type",
          "Value": "font/woff2"
        },
        {
          "Name": "ETag",
          "Value": "\"40VtEoO511M3p3Pf0Ue/kI/QLAG0v0hXbYYDppsTy+U=\""
        },
        {
          "Name": "Last-Modified",
          "Value": "Wed, 09 Apr 2025 03:19:04 GMT"
        }
      ],
      "EndpointProperties": [
        {
          "Name": "fingerprint",
          "Value": "3s7ez9m4mu"
        },
        {
          "Name": "integrity",
          "Value": "sha256-40VtEoO511M3p3Pf0Ue/kI/QLAG0v0hXbYYDppsTy+U="
        },
        {
          "Name": "label",
          "Value": "webfonts/fa-regular-400.woff2"
        }
      ]
    },
    {
      "Route": "webfonts/fa-regular-400.8hwpw88keo.ttf",
      "AssetFile": "webfonts/fa-regular-400.ttf",
      "Selectors": [],
      "ResponseHeaders": [
        {
          "Name": "Accept-Ranges",
          "Value": "bytes"
        },
        {
          "Name": "Cache-Control",
          "Value": "max-age=31536000, immutable"
        },
        {
          "Name": "Content-Length",
          "Value": "68064"
        },
        {
          "Name": "Content-Type",
          "Value": "application/x-font-ttf"
        },
        {
          "Name": "ETag",
          "Value": "\"VM9ghve7IfnQcq1JShm0aB+lFt0KFM7lLaAdNlGpE6M=\""
        },
        {
          "Name": "Last-Modified",
          "Value": "Wed, 09 Apr 2025 03:19:04 GMT"
        }
      ],
      "EndpointProperties": [
        {
          "Name": "fingerprint",
          "Value": "8hwpw88keo"
        },
        {
          "Name": "integrity",
          "Value": "sha256-VM9ghve7IfnQcq1JShm0aB+lFt0KFM7lLaAdNlGpE6M="
        },
        {
          "Name": "label",
          "Value": "webfonts/fa-regular-400.ttf"
        }
      ]
    },
    {
      "Route": "webfonts/fa-regular-400.ttf",
      "AssetFile": "webfonts/fa-regular-400.ttf",
      "Selectors": [],
      "ResponseHeaders": [
        {
          "Name": "Accept-Ranges",
          "Value": "bytes"
        },
        {
          "Name": "Cache-Control",
          "Value": "no-cache"
        },
        {
          "Name": "Content-Length",
          "Value": "68064"
        },
        {
          "Name": "Content-Type",
          "Value": "application/x-font-ttf"
        },
        {
          "Name": "ETag",
          "Value": "\"VM9ghve7IfnQcq1JShm0aB+lFt0KFM7lLaAdNlGpE6M=\""
        },
        {
          "Name": "Last-Modified",
          "Value": "Wed, 09 Apr 2025 03:19:04 GMT"
        }
      ],
      "EndpointProperties": [
        {
          "Name": "integrity",
          "Value": "sha256-VM9ghve7IfnQcq1JShm0aB+lFt0KFM7lLaAdNlGpE6M="
        }
      ]
    },
    {
      "Route": "webfonts/fa-regular-400.woff2",
      "AssetFile": "webfonts/fa-regular-400.woff2",
      "Selectors": [],
      "ResponseHeaders": [
        {
          "Name": "Accept-Ranges",
          "Value": "bytes"
        },
        {
          "Name": "Cache-Control",
          "Value": "max-age=3600, must-revalidate"
        },
        {
          "Name": "Content-Length",
          "Value": "25472"
        },
        {
          "Name": "Content-Type",
          "Value": "font/woff2"
        },
        {
          "Name": "ETag",
          "Value": "\"40VtEoO511M3p3Pf0Ue/kI/QLAG0v0hXbYYDppsTy+U=\""
        },
        {
          "Name": "Last-Modified",
          "Value": "Wed, 09 Apr 2025 03:19:04 GMT"
        }
      ],
      "EndpointProperties": [
        {
          "Name": "integrity",
          "Value": "sha256-40VtEoO511M3p3Pf0Ue/kI/QLAG0v0hXbYYDppsTy+U="
        }
      ]
    },
    {
      "Route": "webfonts/fa-solid-900.2i6n11vb93.woff2",
      "AssetFile": "webfonts/fa-solid-900.woff2",
      "Selectors": [],
      "ResponseHeaders": [
        {
          "Name": "Accept-Ranges",
          "Value": "bytes"
        },
        {
          "Name": "Cache-Control",
          "Value": "max-age=31536000, immutable"
        },
        {
          "Name": "Content-Length",
          "Value": "158220"
        },
        {
          "Name": "Content-Type",
          "Value": "font/woff2"
        },
        {
          "Name": "ETag",
          "Value": "\"qnWZhiOjkeYcaQF5Ss6DLj7N0oi1bWCPIb6gQRrMC44=\""
        },
        {
          "Name": "Last-Modified",
          "Value": "Wed, 09 Apr 2025 03:19:04 GMT"
        }
      ],
      "EndpointProperties": [
        {
          "Name": "fingerprint",
          "Value": "2i6n11vb93"
        },
        {
          "Name": "integrity",
          "Value": "sha256-qnWZhiOjkeYcaQF5Ss6DLj7N0oi1bWCPIb6gQRrMC44="
        },
        {
          "Name": "label",
          "Value": "webfonts/fa-solid-900.woff2"
        }
      ]
    },
    {
      "Route": "webfonts/fa-solid-900.alr6ukxakq.ttf",
      "AssetFile": "webfonts/fa-solid-900.ttf",
      "Selectors": [],
      "ResponseHeaders": [
        {
          "Name": "Accept-Ranges",
          "Value": "bytes"
        },
        {
          "Name": "Cache-Control",
          "Value": "max-age=31536000, immutable"
        },
        {
          "Name": "Content-Length",
          "Value": "426112"
        },
        {
          "Name": "Content-Type",
          "Value": "application/x-font-ttf"
        },
        {
          "Name": "ETag",
          "Value": "\"0vBZNUCw4zum3iVaVPJy1GbjEUSAaVa+qM/b9+3/yb0=\""
        },
        {
          "Name": "Last-Modified",
          "Value": "Wed, 09 Apr 2025 03:19:04 GMT"
        }
      ],
      "EndpointProperties": [
        {
          "Name": "fingerprint",
          "Value": "alr6ukxakq"
        },
        {
          "Name": "integrity",
          "Value": "sha256-0vBZNUCw4zum3iVaVPJy1GbjEUSAaVa+qM/b9+3/yb0="
        },
        {
          "Name": "label",
          "Value": "webfonts/fa-solid-900.ttf"
        }
      ]
    },
    {
      "Route": "webfonts/fa-solid-900.ttf",
      "AssetFile": "webfonts/fa-solid-900.ttf",
      "Selectors": [],
      "ResponseHeaders": [
        {
          "Name": "Accept-Ranges",
          "Value": "bytes"
        },
        {
          "Name": "Cache-Control",
          "Value": "no-cache"
        },
        {
          "Name": "Content-Length",
          "Value": "426112"
        },
        {
          "Name": "Content-Type",
          "Value": "application/x-font-ttf"
        },
        {
          "Name": "ETag",
          "Value": "\"0vBZNUCw4zum3iVaVPJy1GbjEUSAaVa+qM/b9+3/yb0=\""
        },
        {
          "Name": "Last-Modified",
          "Value": "Wed, 09 Apr 2025 03:19:04 GMT"
        }
      ],
      "EndpointProperties": [
        {
          "Name": "integrity",
          "Value": "sha256-0vBZNUCw4zum3iVaVPJy1GbjEUSAaVa+qM/b9+3/yb0="
        }
      ]
    },
    {
      "Route": "webfonts/fa-solid-900.woff2",
      "AssetFile": "webfonts/fa-solid-900.woff2",
      "Selectors": [],
      "ResponseHeaders": [
        {
          "Name": "Accept-Ranges",
          "Value": "bytes"
        },
        {
          "Name": "Cache-Control",
          "Value": "max-age=3600, must-revalidate"
        },
        {
          "Name": "Content-Length",
          "Value": "158220"
        },
        {
          "Name": "Content-Type",
          "Value": "font/woff2"
        },
        {
          "Name": "ETag",
          "Value": "\"qnWZhiOjkeYcaQF5Ss6DLj7N0oi1bWCPIb6gQRrMC44=\""
        },
        {
          "Name": "Last-Modified",
          "Value": "Wed, 09 Apr 2025 03:19:04 GMT"
        }
      ],
      "EndpointProperties": [
        {
          "Name": "integrity",
          "Value": "sha256-qnWZhiOjkeYcaQF5Ss6DLj7N0oi1bWCPIb6gQRrMC44="
        }
      ]
    },
    {
      "Route": "webfonts/fa-v4compatibility.kizxfigrer.woff2",
      "AssetFile": "webfonts/fa-v4compatibility.woff2",
      "Selectors": [],
      "ResponseHeaders": [
        {
          "Name": "Accept-Ranges",
          "Value": "bytes"
        },
        {
          "Name": "Cache-Control",
          "Value": "max-age=31536000, immutable"
        },
        {
          "Name": "Content-Length",
          "Value": "4796"
        },
        {
          "Name": "Content-Type",
          "Value": "font/woff2"
        },
        {
          "Name": "ETag",
          "Value": "\"DOkDPGnccU9fRe+b8X1V5MRrzfrWeZpOkrOOd4G/hr0=\""
        },
        {
          "Name": "Last-Modified",
          "Value": "Wed, 09 Apr 2025 03:19:04 GMT"
        }
      ],
      "EndpointProperties": [
        {
          "Name": "fingerprint",
          "Value": "kizxfigrer"
        },
        {
          "Name": "integrity",
          "Value": "sha256-DOkDPGnccU9fRe+b8X1V5MRrzfrWeZpOkrOOd4G/hr0="
        },
        {
          "Name": "label",
          "Value": "webfonts/fa-v4compatibility.woff2"
        }
      ]
    },
    {
      "Route": "webfonts/fa-v4compatibility.ttf",
      "AssetFile": "webfonts/fa-v4compatibility.ttf",
      "Selectors": [],
      "ResponseHeaders": [
        {
          "Name": "Accept-Ranges",
          "Value": "bytes"
        },
        {
          "Name": "Cache-Control",
          "Value": "no-cache"
        },
        {
          "Name": "Content-Length",
          "Value": "10836"
        },
        {
          "Name": "Content-Type",
          "Value": "application/x-font-ttf"
        },
        {
          "Name": "ETag",
          "Value": "\"MPar9rqkJYJYKHk9bfrR+2N2XQ5auqevb+r7m/zs5aA=\""
        },
        {
          "Name": "Last-Modified",
          "Value": "Wed, 09 Apr 2025 03:19:04 GMT"
        }
      ],
      "EndpointProperties": [
        {
          "Name": "integrity",
          "Value": "sha256-MPar9rqkJYJYKHk9bfrR+2N2XQ5auqevb+r7m/zs5aA="
        }
      ]
    },
    {
      "Route": "webfonts/fa-v4compatibility.woff2",
      "AssetFile": "webfonts/fa-v4compatibility.woff2",
      "Selectors": [],
      "ResponseHeaders": [
        {
          "Name": "Accept-Ranges",
          "Value": "bytes"
        },
        {
          "Name": "Cache-Control",
          "Value": "max-age=3600, must-revalidate"
        },
        {
          "Name": "Content-Length",
          "Value": "4796"
        },
        {
          "Name": "Content-Type",
          "Value": "font/woff2"
        },
        {
          "Name": "ETag",
          "Value": "\"DOkDPGnccU9fRe+b8X1V5MRrzfrWeZpOkrOOd4G/hr0=\""
        },
        {
          "Name": "Last-Modified",
          "Value": "Wed, 09 Apr 2025 03:19:04 GMT"
        }
      ],
      "EndpointProperties": [
        {
          "Name": "integrity",
          "Value": "sha256-DOkDPGnccU9fRe+b8X1V5MRrzfrWeZpOkrOOd4G/hr0="
        }
      ]
    },
    {
      "Route": "webfonts/fa-v4compatibility.wontxidjva.ttf",
      "AssetFile": "webfonts/fa-v4compatibility.ttf",
      "Selectors": [],
      "ResponseHeaders": [
        {
          "Name": "Accept-Ranges",
          "Value": "bytes"
        },
        {
          "Name": "Cache-Control",
          "Value": "max-age=31536000, immutable"
        },
        {
          "Name": "Content-Length",
          "Value": "10836"
        },
        {
          "Name": "Content-Type",
          "Value": "application/x-font-ttf"
        },
        {
          "Name": "ETag",
          "Value": "\"MPar9rqkJYJYKHk9bfrR+2N2XQ5auqevb+r7m/zs5aA=\""
        },
        {
          "Name": "Last-Modified",
          "Value": "Wed, 09 Apr 2025 03:19:04 GMT"
        }
      ],
      "EndpointProperties": [
        {
          "Name": "fingerprint",
          "Value": "wontxidjva"
        },
        {
          "Name": "integrity",
          "Value": "sha256-MPar9rqkJYJYKHk9bfrR+2N2XQ5auqevb+r7m/zs5aA="
        },
        {
          "Name": "label",
          "Value": "webfonts/fa-v4compatibility.ttf"
        }
      ]
    }
  ]
}